"","Comp. 1","Comp. 2","Comp. 3","Comp. 4","Comp. 5","Comp. 6","Comp. 7","Comp. 8"
"TG 48:0",2.8791,2.2992,2.1554,2.0353,1.9746,1.9547,1.9313,1.9234
"TG 50:1",2.8375,2.2499,1.9932,1.8672,1.842,1.8243,1.8038,1.7963
"TG 50:0",2.7538,2.2898,2.0874,2.0097,1.9547,1.9294,1.9166,1.9079
"TG 52:1",2.6896,2.1411,1.8968,1.8497,1.8172,1.8014,1.8029,1.7967
"TG 48:1",2.6589,2.1127,1.9841,1.8548,1.7983,1.7794,1.7582,1.7528
"TG 50:2",2.5052,2.0399,1.8087,1.6904,1.6435,1.6222,1.6041,1.5988
"TG 48:2",2.4395,1.9426,1.7887,1.6811,1.6302,1.6308,1.6129,1.6063
"Phosphatidylethanolamine alkenyl 16:0-20:4",2.384,1.9474,1.7642,1.6248,1.58,1.5654,1.5499,1.5439
"PE 36:4",2.3794,1.9352,1.7733,1.6474,1.5981,1.5782,1.562,1.5555
"PE 38:4",2.3645,1.9592,1.7486,1.609,1.5598,1.5396,1.5318,1.5278
"PE P-36:4 or PE O-36:5",2.3343,1.9332,1.8215,1.6807,1.6292,1.6121,1.5943,1.5873
"PE P-38:5 or PE O-38:6",2.2489,1.7765,1.6182,1.4908,1.4545,1.4365,1.4204,1.4141
"TG 51:1 Isomer B",2.2163,1.7531,1.6515,1.5416,1.4953,1.4852,1.4706,1.4759
"TG 51:3",2.2002,1.7371,1.5433,1.4201,1.3788,1.3842,1.3921,1.3898
"PE 38:6",2.1633,1.7119,1.5221,1.4049,1.3638,1.3646,1.3498,1.3483
"TG 51:2 Isomer A",2.1495,1.7574,1.6084,1.4935,1.4483,1.4408,1.4396,1.4455
"TG 50:3 Isomer A",2.1358,1.7929,1.5907,1.5272,1.4857,1.4741,1.4621,1.456
"TG 46:0",2.1192,1.691,1.7646,1.6514,1.6019,1.5995,1.5805,1.5748
"PC 32:1",2.0874,1.6587,1.469,1.4507,1.409,1.3949,1.3796,1.3733
"TG 46:1",2.0707,1.6473,1.6875,1.6255,1.5761,1.5852,1.569,1.5617
"PC P-36:4 or PC O-36:5",2.0201,1.6121,1.4328,1.5172,1.5064,1.4878,1.4701,1.4633
"Cer 18:1;2O_26:0;(2OH)",2.003,1.6444,1.4586,1.3432,1.3047,1.2923,1.3003,1.297
"LPE 20:4",1.9817,2.05,1.8763,1.7259,1.6898,1.669,1.6508,1.6434
"TG 48:3",1.9657,1.5536,1.4132,1.3254,1.2863,1.2969,1.2814,1.2761
"TG 50:4",1.887,1.5335,1.3581,1.2825,1.2451,1.2426,1.2281,1.2235
"TG 49:1",1.8788,1.4916,1.3607,1.2931,1.2558,1.2634,1.2551,1.2579
"TG 44:0",1.8739,1.4893,1.4637,1.394,1.3524,1.3587,1.3451,1.3419
"PE P-36:2 or PE O-36:3",1.8585,1.4722,1.4056,1.3401,1.3264,1.3096,1.2939,1.2899
"TG 53:2",1.8529,1.6442,1.4941,1.4458,1.404,1.3872,1.3728,1.3762
"PC 38:4 Isomer B",1.8489,1.5102,1.3443,1.2397,1.2357,1.228,1.2133,1.208
"PS 18:0_22:6",1.8482,1.4805,1.3231,1.2402,1.2068,1.2427,1.2461,1.2403
"LPE 22:6",1.8295,1.7291,1.6676,1.5355,1.4891,1.4734,1.464,1.4677
"PC 16:0_14:0",1.8232,1.5121,1.3413,1.2722,1.2398,1.2265,1.2125,1.2091
"PE 36:3",1.7812,1.41,1.3117,1.2241,1.2593,1.2431,1.2329,1.2271
"Cer 58:11;2O",1.7626,1.5673,1.4029,1.2977,1.2629,1.247,1.2321,1.2264
"TG 49:2",1.7553,1.4427,1.2787,1.275,1.2365,1.2607,1.256,1.2551
"TG 52:4;O2|TG 16:0_18:1_18:3;O2",1.7437,1.6242,1.4484,1.3881,1.3494,1.3597,1.361,1.3565
"TG 53:3",1.7436,1.4593,1.294,1.2152,1.1779,1.1734,1.1637,1.1618
"FA 20:4 (arachidonic acid)",1.7435,1.9449,2.0157,1.8553,1.8396,1.8318,1.8101,1.8077
"TG 54:2",1.7398,1.5425,1.3662,1.4241,1.3811,1.3727,1.3852,1.3797
"FA 22:6 (docosahexaenoic acid)",1.7398,1.8545,1.9172,1.7641,1.7106,1.6896,1.67,1.6652
"PE O-18:1_16:0",1.732,2.1969,2.5939,2.3944,2.4319,2.4212,2.3924,2.3887
"TG 49:0",1.7255,1.558,1.4277,1.3241,1.2927,1.2915,1.2767,1.2858
"TG 54:1",1.7168,1.4519,1.3287,1.3286,1.2901,1.278,1.3197,1.3136
"PE O-16:1_22:6",1.7125,1.3518,1.2114,1.1158,1.1062,1.0965,1.0839,1.0863
"PE P-34:1 or PE O-34:2",1.6885,1.3626,1.2389,1.1612,1.2469,1.2363,1.2323,1.2275
"PE 36:2",1.6876,1.3455,1.3189,1.3422,1.4023,1.3841,1.3691,1.3627
"LPE 16:0",1.6708,1.3189,1.2906,1.1876,1.1819,1.1818,1.1677,1.1655
"PC 36:4 Isomer B",1.6691,1.5084,1.3576,1.2908,1.3416,1.3326,1.3169,1.3112
"TG 16:0_18:1_20:0",1.6589,1.4713,1.306,1.3714,1.3295,1.3176,1.3209,1.3167
"PE 34:1",1.6559,1.3083,1.3023,1.2072,1.2783,1.2618,1.2469,1.241
"PC 38:4 Isomer C",1.6552,1.3315,1.182,1.1821,1.2487,1.2421,1.2272,1.2215
"TG 52:0",1.6446,1.6722,1.5787,1.4589,1.4232,1.4095,1.4145,1.408
"TG 52:2",1.6444,1.7598,1.5646,1.5449,1.4977,1.4837,1.4662,1.4619
"PS 40:4",1.6344,1.2915,1.1446,1.054,1.0267,1.0218,1.0257,1.0219
"PC 16:0_azealic acid (PCPAz-PC)",1.6329,1.2984,1.168,1.2428,1.2136,1.1979,1.1843,1.1846
"PE O-40:4",1.6308,1.4352,1.2868,1.1867,1.1566,1.1417,1.1346,1.1293
"PE 38:5",1.6301,1.2869,1.1877,1.0991,1.0674,1.0539,1.0426,1.0383
"TG 44:1",1.6078,1.4979,1.328,1.2393,1.2047,1.1897,1.1756,1.1712
"PE 34:2",1.5872,1.2546,1.2415,1.1742,1.1684,1.1574,1.1442,1.1388
"PE-O 18:1_22:6",1.5846,1.2983,1.2777,1.1841,1.1496,1.1348,1.1222,1.1188
"TG 56:3",1.5601,1.393,1.2747,1.1926,1.1679,1.1548,1.1555,1.153
"SM 42:7;3O",1.5289,1.5002,1.6839,1.5661,1.5267,1.5184,1.5005,1.4937
"LPC 20:4",1.5268,1.3414,1.7197,1.6546,1.6379,1.6167,1.6056,1.5994
"LPE O-18:1",1.5228,1.2068,1.2837,1.1985,1.1632,1.1865,1.1737,1.1682
"PC 14:0_16:1",1.5198,1.2153,1.1157,1.0784,1.0453,1.0323,1.0287,1.0241
"TG 52:3",1.5159,1.3974,1.2751,1.1926,1.1687,1.1542,1.148,1.1457
"PC P-38:4 or PC O-38:5 Isomer A",1.5081,1.2475,1.1192,1.2189,1.1911,1.1814,1.188,1.1824
"PC 33:1",1.5013,1.1894,1.054,1.1206,1.0872,1.0759,1.0635,1.0586
"PC 31:1",1.4873,1.181,1.0699,1.0627,1.0307,1.0192,1.0168,1.0138
"acylcarnitine 18:0 Isomer A",1.4858,1.9267,1.7535,1.6168,1.5702,1.5513,1.5428,1.5367
"TG 52:4",1.4597,1.2451,1.2119,1.1159,1.1169,1.1088,1.1091,1.1043
"DG 34:1",1.4565,1.1498,1.0843,1.0048,1.0201,1.0574,1.0711,1.0699
"PE 16:1_18:1",1.4551,1.1641,1.2715,1.1715,1.16,1.145,1.1363,1.1323
"PE P-38:4 or PE O-38:5",1.4485,1.1535,1.0677,0.9825,0.953,0.94098,0.93397,0.92958
"PC 40:7 Isomer B",1.4426,1.1801,1.0504,1.1225,1.0885,1.0953,1.0867,1.0816
"PC 28:0",1.4304,1.1824,1.0764,1.0493,1.0241,1.0158,1.0513,1.0492
"PE P-40:4 or PE O-40:5 Isomer A",1.4301,1.1527,1.3359,1.2293,1.2177,1.2113,1.1969,1.1928
"TG 51:0",1.4231,1.4117,1.3172,1.2151,1.1823,1.1732,1.1597,1.1572
"PC O-32:0",1.4153,1.486,1.5657,1.4409,1.3974,1.3992,1.3842,1.3801
"TG 42:0",1.3952,1.1714,1.1217,1.0363,1.0046,1.0118,1.0014,1.0001
"TG 49:3",1.3775,1.2759,1.1317,1.1579,1.1225,1.1314,1.1297,1.1265
"N-docosanoyl-4-sphingenyl-1-O-phosphorylcholine",1.3763,1.1846,1.0581,1.0257,1.018,1.0079,0.99867,0.99958
"PE 36:1",1.3728,1.0955,1.2363,1.2385,1.2741,1.2591,1.2462,1.2404
"LPC 15:0",1.3701,1.3899,1.2484,1.1832,1.1713,1.1729,1.1592,1.1579
"TG 53:4",1.3539,1.1565,1.0636,0.98183,0.96046,0.97122,0.9707,0.97225
"PC O-33:0",1.3496,1.2631,1.2641,1.1628,1.1284,1.1276,1.1141,1.1101
"acylcarnitine 16:0",1.346,1.5515,1.378,1.2765,1.2377,1.2253,1.2437,1.238
"PE O-40:5 Isomer B",1.3416,1.1659,1.1715,1.1224,1.1118,1.1005,1.0907,1.0857
"PC 16:0/9:0 CHO",1.3317,1.0772,1.0038,1.0138,0.99468,0.98926,0.97843,0.99794
"PC O-42:2 or PC 42:2e",1.3165,1.1863,1.2879,1.1926,1.1728,1.1683,1.1549,1.15
"PE O-16:1_18:2",1.3053,1.1086,1.057,1.0217,0.9929,1.0119,1,0.996
"TG 58:4",1.3025,1.1262,1.0899,1.2391,1.2031,1.1884,1.1782,1.1771
"PE O-16:1_18:1",1.3018,1.0283,1.1792,1.0867,1.07,1.0652,1.0565,1.0551
"PC 16:0_22:6",1.3012,1.028,0.91051,0.83816,0.82466,0.84618,0.83778,0.83405
"PC 29:0",1.2973,1.0285,0.9531,0.89032,0.87675,0.86896,0.85865,0.85461
"LPE 18:1",1.2971,1.3203,1.2066,1.1351,1.1715,1.1571,1.1446,1.1407
"PS 16:0_22:4",1.2918,1.6323,1.539,1.4176,1.4286,1.411,1.396,1.3908
"Cer d42:0",1.2849,1.0771,0.98176,0.90308,0.88251,0.87839,0.87287,0.87013
"PC 32:0",1.2768,1.1083,1.0997,1.0121,0.98987,0.9929,0.98184,0.98832
"SPB 25:0;2O",1.2722,1.0231,0.92703,1.0944,1.0879,1.0764,1.1412,1.1804
"SM 25:2;2O/15:1",1.2643,1.419,1.2666,1.2057,1.1897,1.1751,1.1846,1.1839
"5-HETE",1.2632,1.5244,1.9897,1.8326,1.7892,1.7743,1.7689,1.7717
"SM 38:4;3O",1.2564,1.0599,0.99035,1.0753,1.0778,1.0662,1.0608,1.0564
"PE P-36:1 or PE O-36:2",1.2501,1.0346,1.1999,1.1392,1.1301,1.118,1.1066,1.1014
"TG 56:2 Isomer B",1.2447,1.0311,0.91608,0.84674,0.83999,0.8294,0.83532,0.83705
"FA 22:4",1.243,1.7632,1.7054,1.5779,1.5743,1.5705,1.5521,1.5502
"PC 36:4 Isomer C",1.2304,0.98025,0.86831,1.0744,1.1899,1.186,1.1723,1.1699
"4-methyl-2-oxopentanoic acid",1.2109,1.2821,1.3635,1.2544,1.2192,1.2115,1.2013,1.2323
"PC 33:0",1.2019,1.2712,1.2508,1.1792,1.1469,1.1336,1.1261,1.1208
"TG 58:3",1.1973,1.0053,0.9205,0.9729,0.98004,0.97392,0.96452,0.96935
"PEtOH 36:1",1.1951,1.416,1.2945,1.3507,1.3305,1.327,1.3503,1.3485
"Cer d40:0",1.1939,1.0163,0.96071,0.88569,0.86341,0.86057,0.86132,0.85761
"TG 40:1",1.1847,0.97336,0.99656,0.92944,0.9109,0.9493,0.94282,0.93902
"PC 35:1",1.1783,0.96014,0.93882,1.0575,1.0341,1.0218,1.0097,1.0051
"TG 55:3",1.1646,0.96996,0.88307,0.815,0.81073,0.81317,0.80424,0.81675
"16,16-dimethylprostaglandin A1",1.1537,1.208,1.5148,1.696,1.739,1.7178,1.6976,1.7139
"LPC O-24:0",1.1503,1.2111,1.1385,1.0486,1.1435,1.1395,1.1342,1.1349
"LPC 16:0",1.1366,0.95942,1.1545,1.0838,1.0598,1.06,1.0474,1.0462
"PC 37:4",1.1281,0.90429,0.83532,0.89842,0.97963,0.98807,0.97941,0.97623
"PC 40:5 Isomer B",1.1243,0.88755,0.7861,0.97757,1.0211,1.0081,0.99964,0.99497
"PC O-30:0",1.1221,1.1928,1.1558,1.0943,1.0609,1.0549,1.0423,1.0388
"PC 38:6 Isomer A",1.1129,1.1058,0.98231,1.1507,1.1388,1.1337,1.1203,1.1169
"TG 56:4",1.11,1.0722,0.97786,0.94525,0.91999,0.9105,0.90036,0.8999
"LPC 14:0",1.1074,0.87469,1.201,1.1337,1.1019,1.0887,1.0781,1.0743
"LPE 18:2",1.1002,1.1858,1.1295,1.0443,1.0298,1.0214,1.0193,1.0163
"Cer d44:2",1.099,0.88528,0.78579,0.86542,0.87015,0.8589,0.84935,0.84607
"PC P-36:3 or PC O-36:4",1.0931,0.991,0.95904,1.0341,1.0506,1.0388,1.0334,1.0299
"PC 24:0",1.0821,1.5774,1.4166,1.3137,1.2735,1.2601,1.2463,1.2453
"FA 20:3 (homo-gamma-linolenic acid)",1.0612,1.3638,1.5657,1.4419,1.4018,1.4009,1.3844,1.3813
"TG 44:2",1.0538,0.93417,0.94792,0.88134,0.85692,0.88951,0.8795,0.87688
"docosanamide",1.0492,1.406,1.2943,1.1922,1.1562,1.1671,1.188,1.1862
"PC P-38:3 or PC O-38:4 Isomer B",1.0187,0.9922,0.92723,1.1198,1.1131,1.1044,1.0918,1.092
"CE_13-HODE",1.0174,2.0326,1.8778,1.7703,1.7182,1.6978,1.6784,1.6737
"4-HDoHE",1.0162,1.1976,1.514,1.4177,1.3811,1.3633,1.361,1.3594
"PC 31:0",1.0084,1.342,1.2318,1.1694,1.1336,1.1193,1.1139,1.1091
"TG 54:3",1.006,1.4863,1.3291,1.3286,1.2908,1.2746,1.2763,1.2703
"LPC 16:1",1.0059,0.88989,0.85152,0.80457,0.78,0.79184,0.80627,0.81511
"Cer-NDS d40:0",1.0047,1.1325,1.0669,0.98231,0.96046,0.95369,0.94978,0.94534
"LPC 18:0",1.0046,0.9559,0.92783,0.85392,0.83165,0.84245,0.83776,0.84354
"TG 51:4",1.0008,0.89715,0.80498,0.74319,0.72138,0.7688,0.79703,0.79507
"Cer d41:1",0.98099,0.86526,0.76839,0.70681,0.72729,0.73271,0.75314,0.75013
"PE 38:6 Isomer B",0.97409,0.88496,0.80365,0.96266,0.93361,0.92162,0.91389,0.91055
"PC 40:6 Isomer B",0.96833,1.0906,1.0564,1.0666,1.0439,1.08,1.0672,1.0621
"PC P-34:2 or PC O-34:3",0.96707,0.78146,0.83687,1.0389,1.0089,0.99752,0.9889,0.98441
"TG 45:0",0.95518,0.75617,0.69161,0.77181,0.74823,0.74992,0.74119,0.73895
"PC O-36:1",0.95383,0.79117,0.89003,0.95774,0.92874,0.92872,0.92067,0.91907
"TG 14:0_16:0_17:1",0.94928,0.89739,0.79669,0.97602,0.94887,0.97285,0.96258,0.95941
"TG 46:2",0.94682,0.74868,0.79985,0.73605,0.72097,0.75858,0.75214,0.75923
"PC O-34:0",0.94609,0.91019,0.97062,0.89375,0.8678,0.88698,0.87646,0.87235
"PS 38:3",0.94453,0.92591,0.89994,0.84261,1.0612,1.064,1.0978,1.0935
"Cer d34:0",0.94256,1.0655,1.0996,1.1705,1.1357,1.1301,1.118,1.1132
"TG 47:2",0.9361,1.1404,1.0261,1.2078,1.1814,1.1748,1.1616,1.1636
"palmitoyl ethanolamide",0.91756,0.74081,0.76894,1.0273,0.99626,1.0262,1.015,1.0124
"PC 34:1",0.91518,0.87974,0.78622,0.76766,0.7601,0.75766,0.75254,0.75133
"LPC 32:0",0.91501,0.75388,0.81291,0.77265,0.75072,0.78062,0.78163,0.79455
"MG 20:4",0.8922,1.1001,1.4468,1.3326,1.3919,1.375,1.3608,1.3615
"PC 35:4",0.88885,0.89984,0.84767,0.79286,0.76915,0.78814,0.77872,0.80311
"PS 36:2",0.8886,0.75492,0.6924,0.63976,0.97734,1.0064,1.0426,1.038
"FA 18:2 (linoleic acid)",0.88448,1.1509,1.1026,1.0383,1.0303,1.0374,1.0251,1.0248
"TG 47:0|TG 14:0_16:0_17:0",0.88272,0.75481,0.78745,0.82197,0.80973,0.81295,0.80323,0.80211
"Cer d34:2",0.85591,0.70588,1.1404,1.0858,1.0601,1.0807,1.0956,1.092
"PC P-40:4 or PC O-40:5",0.85365,0.68141,0.6051,0.78297,0.81038,0.80199,0.81132,0.80802
"TG 56:1",0.8531,0.78522,0.70341,0.80482,0.78552,0.7764,0.78352,0.7867
"TG 54:4",0.85225,1.103,1.0693,1.0429,1.0153,1.0039,0.99583,0.9916
"PE O-40:6 Isomer B",0.84901,1.0042,1.2883,1.311,1.2991,1.2849,1.2723,1.2676
"PC 30:0",0.84712,0.80015,0.72411,0.91145,0.91459,0.92066,0.91415,0.90999
"FAHFA 18:0/20:2",0.84453,0.815,0.72809,0.83546,0.82364,0.81547,0.87753,0.87545
"PC 16:0_glutaric acid",0.84428,1.0591,0.93846,0.90612,1.013,1.0033,1.0073,1.0042
"PEtOH 18:1_20:4",0.83606,1.2644,1.1223,1.1758,1.151,1.2371,1.2609,1.2701
"PC O-40:2 or PC 40:2e",0.83469,0.67207,0.63475,0.5856,0.75987,0.75068,0.76935,0.76654
"TG 45:1",0.83121,0.75545,0.69168,0.8411,0.82926,0.84189,0.84024,0.83719
"Cer d33:1",0.82732,0.65739,0.91091,0.84777,0.8254,0.82938,0.83148,0.82944
"Cer-NDS d39:0",0.82655,1.1411,1.1152,1.2914,1.2542,1.2397,1.2275,1.2244
"LPS 18:0",0.82581,0.87783,1.1357,1.0449,1.0729,1.0597,1.0577,1.0528
"LPC 17:0",0.82218,0.71212,0.78072,0.72102,0.72356,0.71799,0.7114,0.71068
"C16 Lactosyl Ceramide (d18:1/16:0)",0.82058,0.9966,0.97092,0.89465,0.8916,0.91786,0.91453,0.91061
"PC 34:0",0.81307,0.96181,0.96048,0.98814,0.97412,0.97253,0.96116,0.95751
"Cer 22:0;2O/26:0",0.80853,0.9391,1.1909,1.0974,1.1983,1.1887,1.1745,1.1739
"PC P-42:2 or PC O-42:3",0.80435,0.66993,0.95194,0.88907,0.87819,0.86824,0.86822,0.87286
"LPE 18:0",0.80092,0.64106,0.71492,0.68519,0.68994,0.70327,0.69782,0.69704
"PC P-40:5 or PC O-40:6",0.79965,0.63128,0.6121,0.58776,0.5989,0.59162,0.59942,0.60191
"Phosphatidylethanolamine alkenyl 18:0-18:2",0.7974,0.92765,1.2451,1.1531,1.1451,1.1476,1.1552,1.1567
"acylcarnitine 08:0",0.79733,0.77979,1.3784,1.4773,1.4321,1.4187,1.4056,1.3992
"PC 34:3 Isomer B",0.79624,0.7333,0.66267,0.94685,0.92892,0.91974,0.91208,0.90804
"CE 18:1",0.79144,1.3938,1.2366,1.1404,1.1201,1.1131,1.1026,1.0996
"Cer d36:2",0.78311,1.1941,1.0915,1.2552,1.2608,1.3397,1.3459,1.3395
"LPC O-22:0",0.78064,0.8225,0.72855,0.69513,0.75529,0.74671,0.73778,0.78356
"TG 43:0",0.77478,0.7399,0.74277,0.74723,0.74348,0.77768,0.76898,0.76537
"SM 32:0;3O",0.77038,0.71313,0.75299,0.70616,0.68946,0.69305,0.70109,0.69908
"FA 23:0",0.77034,0.94843,0.89892,1.002,0.97513,0.96896,0.95742,0.95344
"Cer 20:0;2O/24:0",0.76592,0.89965,0.79683,0.83524,0.89023,0.8788,0.88716,0.8831
"LPC 22:6",0.76583,1.3419,1.3824,1.3057,1.2692,1.2656,1.2547,1.249
"TG 58:2",0.76515,0.68012,0.60986,0.78702,0.78274,0.77368,0.77314,0.7815
"LPC 18:1",0.76183,0.87595,0.99485,1.0126,1.0035,1.0194,1.0533,1.0534
"Cer 18:2;2O/22:0",0.74894,0.60456,0.64476,0.71221,0.69469,0.71597,0.74746,0.74918
"FAHFA 38:4",0.74574,0.58999,0.83514,0.89611,0.86867,0.88285,0.87715,0.903
"SM d41:2 Isomer A",0.73888,0.95418,0.86813,0.82694,0.81558,0.81142,0.80395,0.80412
"FA 19:1",0.73859,0.74973,0.68393,0.989,0.97927,0.96704,0.95844,0.95393
"Cer-NDS d41:0",0.73722,0.59386,0.67976,0.62847,0.6534,0.64494,0.63772,0.63475
"PC 38:5 Isomer A",0.73205,0.94807,0.92185,1.0586,1.0735,1.07,1.0602,1.0558
"FA 18:3 (linolenic acid)",0.71891,0.91819,0.82984,0.76637,0.74867,0.74262,0.73515,0.73173
"TG 52:5",0.7178,0.89482,0.84327,0.77705,0.75332,0.76913,0.78779,0.78799
"DG 18:1_18:2",0.71558,0.58781,0.83225,0.76567,0.78094,0.77245,0.76832,0.76991
"FA 20:5 (eicosapentaenoic acid)",0.71474,1.9876,1.7725,1.6364,1.6172,1.5982,1.5821,1.5814
"PC 38:1",0.71312,0.56311,0.63999,0.85866,0.94389,0.9385,0.93883,0.93443
"Cer 18:1;2O/24:2",0.70943,0.56299,0.49896,0.53018,0.52159,0.58055,0.57966,0.57699
"PC 38:5 Isomer B",0.70827,0.95314,0.89408,1.0721,1.0866,1.0759,1.0657,1.0615
"Cer d42:1",0.6981,0.66223,0.63142,0.58157,0.56385,0.61017,0.61776,0.61496
"PEtOH 16:0_18:1",0.69517,1.6797,1.6279,1.5001,1.4588,1.4907,1.4988,1.4922
"PC 19:1",0.69151,0.61193,1.5752,1.4577,1.5935,1.5843,1.5678,1.5673
"LNAPE 18:2/N-20:0",0.68829,0.98084,0.87821,0.82317,0.81932,0.81239,0.81547,0.81617
"SM d30:1",0.68497,0.54183,0.51782,0.54923,0.53734,0.54071,0.53603,0.53916
"Cer d46:2",0.68423,0.96822,1.0642,1.0169,1.0557,1.0442,1.0331,1.0283
"PC 36:0",0.68135,1.0501,0.99562,1.0019,1.05,1.0418,1.0336,1.0288
"TG 56:7 Isomer A",0.67605,0.54794,0.87701,0.80869,1.0633,1.0521,1.0396,1.0353
"TG 55:4",0.67245,0.60537,0.53784,0.49895,0.53866,0.54486,0.54058,0.53923
"GlcCer d34:1",0.65527,0.73365,0.72844,0.75585,0.73992,0.76703,0.77107,0.76818
"TG 56:8 Isomer A",0.6537,0.96752,0.93063,0.85688,0.92988,0.96316,0.96075,0.9581
"PC 19:2",0.65112,0.5399,1.8491,1.739,1.8254,1.8154,1.7949,1.7895
"lactosylceramide d18:1/24:1 15Z",0.6507,0.70357,0.62877,0.63808,0.67116,0.73041,0.75319,0.75008
"PC O-31:7",0.65066,1.9831,1.9407,1.8175,1.7719,1.7993,1.787,1.7815
"TG 54:5 Isomer A",0.64542,0.98345,0.95083,0.91234,0.88706,0.88049,0.87014,0.86619
"CE 18:2",0.63854,1.2763,1.1883,1.1111,1.1527,1.1378,1.1273,1.1256
"PC 16:0_5-oxovaleryl",0.63761,0.79279,0.71333,0.81776,0.98347,0.99244,0.99062,0.99417
"PFAP-FT_diPAP",0.63631,3.4495,3.055,2.8114,2.7371,2.8047,2.7807,2.8335
"SPB 26:0;2O",0.63255,0.56839,0.56093,0.61913,0.68518,0.67698,0.73099,0.7424
"TG 42:1",0.62986,0.55993,1.1817,1.0893,1.0631,1.1266,1.1156,1.1211
"PC 32:2",0.62362,0.83848,0.81355,0.93205,0.9069,0.89671,0.88599,0.88239
"PC 36:3 Isomer B",0.62237,0.69497,0.76275,0.91298,0.89494,0.88717,0.87687,0.87286
"SM d38:2",0.61562,0.71988,0.65105,0.61107,0.62177,0.61897,0.64556,0.65512
"Cer 18:2;2O/24:1",0.61505,0.64964,0.57919,0.5573,0.54095,0.55779,0.55115,0.56847
"PC 18:0_18:1",0.61243,0.54994,0.48727,0.62175,0.72503,0.71607,0.71051,0.70752
"PC 36:1",0.61241,0.48364,0.55677,0.59969,0.62617,0.63059,0.62753,0.63288
"SM 42:5;3O",0.61085,0.50579,0.46212,0.65637,0.63629,0.63436,0.62757,0.62945
"Cer 20:0;2O/25:0",0.60511,0.50622,0.48754,0.79802,0.81305,0.81085,0.80117,0.8035
"FA 15:1",0.5947,0.49758,0.53336,0.80422,0.77961,0.78085,0.80279,0.80521
"TG 42:2",0.58879,0.5897,0.84656,0.77976,0.76451,0.78499,0.77676,0.82356
"PC 40:1",0.58272,0.46718,0.71566,0.66592,0.80055,0.79289,0.78444,0.7845
"PI 36:1 Isomer A",0.5797,0.83809,0.75018,0.71906,0.78851,0.77975,0.77248,0.77163
"PC 33:3",0.57457,0.49251,0.43933,0.43476,0.46994,0.46394,0.52967,0.53048
"TG 54:6 Isomer B",0.57423,0.50072,0.59352,0.54721,0.82143,0.8172,0.8149,0.81115
"FA 18:1 (oleic acid)",0.56971,0.45915,0.54532,0.50238,0.48837,0.49935,0.50025,0.522
"Cer d41:2",0.56287,0.67209,0.80749,0.79587,0.77208,0.76653,0.8038,0.81219
"SHexCer d34:1",0.55863,0.72438,0.69066,0.66379,0.79116,0.78402,0.77681,0.77333
"Cer d40:1",0.55792,0.71629,0.65832,0.61732,0.59871,0.62992,0.64423,0.64353
"FA 22:0 (behenic acid)",0.5524,0.6126,0.55734,0.89692,0.88153,0.87117,0.86075,0.85709
"LPC P-18:0 or LPC O-18:1",0.55201,0.83254,0.8871,0.82598,0.80402,0.86472,0.91727,0.91334
"Cer 18:0;3O/16:0;(2OH)",0.53937,0.44501,0.41281,0.76629,0.83149,0.82192,0.81216,0.82167
"SM d42:0",0.53725,0.88532,1.0237,0.96857,0.97134,0.96346,0.97379,0.96927
"SM d44:2 isomer A",0.5371,0.51194,0.6402,0.69303,0.82307,0.81584,0.82498,0.82114
"TG 28:0",0.53478,0.89168,1.0752,1.0744,1.0565,1.0481,1.0373,1.0396
"Cer 18:0;2O/24:0",0.53348,0.76187,0.73812,0.6792,0.6862,0.6832,0.68558,0.68236
"1,2-Dioleoyl-sn-glycero-3-phospho-(1'-myo-inositol)",0.52843,0.99338,0.88184,0.81339,0.7988,0.80079,0.79309,0.79563
"PC P-44:4 or PC O-44:5",0.52546,0.54381,0.51114,0.60291,0.59701,0.61456,0.60722,0.62692
"PC O-18:0_16:0",0.52052,0.45138,0.45832,0.45903,0.50432,0.50401,0.51676,0.5167
"TG 22:0",0.50818,0.6345,0.59143,1.1376,1.1107,1.1111,1.1066,1.1257
"SM d36:2",0.50811,0.44719,0.4517,0.47008,0.6039,0.60292,0.66144,0.65847
"PI 18:0_20:4",0.50447,0.40353,0.49665,0.57722,0.5599,0.63885,0.6324,0.62944
"PI 34:1 Isomer A",0.50438,0.47924,0.50494,0.55522,0.53846,0.5315,0.55719,0.57665
"8,15-DiHETE",0.50375,1.0782,1.1701,1.1003,1.0867,1.0793,1.0934,1.097
"LPC 20:3",0.49757,0.53461,1.3932,1.4882,1.4482,1.4303,1.4162,1.4119
"PI 38:4",0.49593,0.55465,0.7591,0.76606,0.79043,0.80142,0.79708,0.8009
"TG 38:0",0.49485,0.48442,0.78209,1.034,1.0181,1.062,1.0496,1.053
"Cer 20:0;3O/24:0;(2OH)",0.48719,0.40618,0.40241,0.5987,0.63033,0.62958,0.68792,0.68788
"SM d44:1",0.48229,0.39655,0.53055,0.48986,0.53624,0.54752,0.56623,0.56834
"LPC P-16:0 or LPC O-16:1",0.47915,0.66151,1.1993,1.1744,1.1823,1.1873,1.1733,1.1678
"TG 40:0",0.47861,0.4107,1.0611,0.99233,0.96561,1.0495,1.037,1.0429
"SM d42:3",0.47516,0.48727,0.50841,0.70221,0.68077,0.69173,0.68491,0.6907
"SM 42:2;3O",0.4745,0.82076,0.7463,0.70149,0.68199,0.67485,0.71849,0.71785
"Cer 18:0;3O/24:0;(2OH)",0.47227,0.61111,0.87238,0.8055,1.0402,1.0388,1.0279,1.037
"OxPC 36:3+1O",0.4667,0.93933,0.84415,0.78433,0.84727,0.83653,0.83219,0.82893
"PE O-38:6 Isomer A",0.46482,0.59759,0.89886,0.93469,0.91704,0.9074,0.89736,0.89543
"TG 54:0",0.46404,0.67367,0.69492,0.86602,0.85124,0.86995,0.87941,0.8766
"PC P-34:0 or PC O-34:1",0.45981,0.37111,0.45882,0.43144,0.42616,0.46944,0.51504,0.52742
"TG 56:6",0.45924,0.487,0.539,0.63099,0.84005,0.83193,0.82301,0.82067
"PC 42:2",0.45607,1.3215,1.1743,1.2724,1.2572,1.2413,1.2265,1.2255
"SM d43:1",0.45531,0.46456,0.63326,0.59138,0.57594,0.57284,0.61221,0.60933
"Cholesterol",0.45083,1.1122,1.0031,1.1067,1.0731,1.0633,1.0506,1.0505
"FA 20:2 (eicosadienoic acid)",0.44532,0.51973,0.70548,0.77259,0.80575,0.81358,0.80391,0.80656
"cis-13-docosenoic acid",0.44456,0.36742,0.37723,0.63938,0.66258,0.65401,0.65654,0.65415
"Cer d44:1",0.44395,0.35143,0.33839,0.35017,0.34509,0.34974,0.40071,0.39951
"Cer d43:1",0.43237,0.37522,0.34432,0.50803,0.51093,0.51232,0.52878,0.5263
"PS 36:1",0.43146,0.99299,1.0149,0.93501,0.9064,0.90045,0.8902,0.89104
"SM d42:1",0.42542,0.60853,0.6947,0.65665,0.67046,0.66547,0.68315,0.68385
"SM 46:5;3O",0.42509,0.46242,0.40972,0.59657,0.62386,0.65722,0.66274,0.69307
"FA 28:0 (montanic acid)",0.42307,0.54971,0.53576,0.92632,0.91576,0.91329,0.90535,0.90267
"Cer d42:2 Isomer A",0.42253,0.43012,0.44941,0.49298,0.51833,0.56774,0.57405,0.5762
"PC 38:2",0.42246,0.56403,0.52756,0.62892,0.6116,0.61115,0.62023,0.62169
"SM 34:0;3O",0.41369,0.4188,0.41505,0.39022,0.61389,0.6101,0.611,0.61163
"PI 34:2",0.41334,0.35123,0.4711,0.49431,0.48375,0.49121,0.50041,0.52697
"SM 26:0;2O/18:1",0.40572,0.33351,0.29652,0.36809,0.36275,0.37965,0.42662,0.4252
"TG 54:6 Isomer A",0.39668,0.66741,0.70943,0.67896,0.65893,0.65436,0.64654,0.646
"PC 33:2",0.39605,0.33025,0.31261,0.64388,0.66371,0.66059,0.67292,0.67084
"PE O-18:1_22:6",0.39211,0.34969,0.47067,0.74023,0.72586,0.71893,0.71528,0.71315
"SM 35:1;2O",0.39049,0.62217,0.67725,0.63778,0.68497,0.67622,0.73139,0.72868
"PI 34:2 Isomer B",0.38472,0.9104,0.8178,0.75239,0.76786,0.76291,0.77061,0.80172
"PEtOH 16:0_16:1",0.37773,1.0188,0.95324,0.91214,0.88443,0.88473,0.98362,0.97956
"FA 16:1 (palmitoleic acid)",0.37314,0.56642,0.544,0.9466,0.97672,0.97017,0.9736,0.97123
"PI 32:1",0.37182,1.0255,0.9224,0.86029,0.834,0.82987,0.82226,0.81841
"SM d38:3",0.36864,0.69696,0.62491,0.57514,0.63174,0.62925,0.67873,0.67744
"PC P-36:1 or PC O-36:2 A",0.36822,0.32204,0.629,0.88366,0.88829,0.88158,0.8948,0.8906
"PC 37:3",0.36626,0.35715,0.34617,0.69762,0.68506,0.68464,0.67882,0.67742
"SHexCer 34:1;3O",0.36568,0.2888,0.42715,0.61808,0.59929,0.59204,0.58525,0.58271
"SM 42:0;3O",0.36437,0.28772,0.30629,0.29063,0.61965,0.61483,0.6103,0.60954
"PC 36:5 Isomer D",0.3638,1.0315,0.92649,1.2217,1.1869,1.2169,1.2226,1.2212
"TG 58:8",0.36312,0.98758,0.87496,1.0555,1.0232,1.0559,1.0443,1.0401
"PC P-36:2 or PC O-36:3",0.35877,0.28985,0.62497,0.78417,0.76196,0.75236,0.74887,0.74545
"LPC 20:5",0.35708,0.9215,1.0627,1.0018,0.97378,0.96834,0.95709,0.95613
"PEtOH 18:1_18:1",0.35691,0.72059,0.99909,0.96613,0.99368,1.0189,1.0068,1.0218
"SM d44:3",0.35536,0.82717,0.7885,0.7314,0.87829,0.86693,0.8711,0.87208
"PC 34:4",0.3539,0.75678,0.85029,0.8802,0.99991,0.9914,0.97957,0.98234
"SM d33:1",0.3528,0.63621,0.67833,0.65512,0.67363,0.67208,0.77394,0.77125
"13-HODE",0.34567,0.96095,1.1306,1.1114,1.0775,1.0801,1.0843,1.0898
"LPE O-16:1",0.34363,0.44433,0.42614,0.39948,0.38963,0.4885,0.50672,0.50537
"SM 16:1;2O/16:0",0.34275,0.40106,0.46807,0.46252,0.6526,0.64427,0.68602,0.69648
"acylcarnitine 18:1",0.34195,0.56154,0.56937,0.61487,0.61203,0.60822,0.62292,0.62052
"TG 64:3",0.33683,0.41866,0.43209,0.69847,0.7363,0.74106,0.75013,0.74812
"PEtOH 16:0_16:0",0.32658,0.81111,0.93572,0.90263,0.87902,0.88492,0.91583,0.91896
"cholesterol 3-sulfate",0.32615,0.25787,0.23482,0.39055,0.45286,0.44705,0.44623,0.44595
"PC P-42:4 or PC O-42:5",0.31795,0.32838,0.42083,0.45578,0.47285,0.47338,0.47737,0.47565
"PC O-37:0",0.31686,0.27319,0.27423,0.53663,0.52248,0.54321,0.56261,0.5604
"acylcarnitine 18:2 Isomer A",0.31577,0.95552,0.88338,0.81642,0.79373,0.78573,0.77642,0.77947
"Cer 18:0;2O/24:1",0.31167,0.31822,0.30116,0.28749,0.46964,0.47319,0.48457,0.48359
"SM 30:2;2O (FA 14:0)",0.31078,0.24748,0.73144,0.68196,0.78138,0.79147,0.78217,0.77866
"SM d36:0 Isomer B",0.30768,0.42945,0.49597,0.45724,0.48046,0.4744,0.57418,0.5718
"SM 34:2;3O",0.3049,0.91584,0.82545,0.76161,0.74987,0.75757,0.7973,0.79475
"Cer 18:2;2O/23:0",0.29503,0.27136,0.27659,0.2563,0.28277,0.29912,0.41776,0.41695
"SM d32:1",0.28924,0.25471,0.30932,0.36634,0.36428,0.36051,0.44851,0.45056
"LPC p-18:0",0.2831,0.53371,0.71624,0.68044,0.67206,0.75736,0.75394,0.75105
"HexCer 18:1;2O/24:0",0.28247,0.42165,0.38602,0.50443,0.58849,0.6326,0.62672,0.62383
"SM d39:2 Isomer B",0.27626,0.41739,0.50425,0.46583,0.69521,0.68625,0.70183,0.70591
"PGE2",0.27435,0.37072,0.81262,0.81896,0.81145,0.80975,0.83602,0.85207
"acylcarnitine 10:0",0.27107,0.69339,0.67943,0.81747,0.79505,0.78636,0.78569,0.791
"TG 64:2",0.27055,0.45556,0.40365,0.74348,0.76104,0.7608,0.75198,0.76431
"SM 42:1;3O",0.26772,0.33919,0.38664,0.38597,0.55577,0.55884,0.55613,0.55582
"PI 38:3",0.26492,0.30235,0.31774,0.46187,0.53083,0.52952,0.53923,0.58314
"PC 21:4",0.26148,0.35699,1.2004,1.1688,1.1869,1.1921,1.1791,1.1796
"PC 36:2",0.26121,0.20831,0.34417,0.91547,0.8977,0.8864,0.87614,0.87227
"Cer 18:1;2O/26:0",0.25648,0.50574,0.4498,0.43783,0.58019,0.57896,0.5721,0.56945
"Hex3Cer 18:1;2O/16:0",0.25615,0.24566,0.44281,0.41786,0.4086,0.42599,0.46121,0.46291
"Cer d34:2 Isomer B",0.25244,0.57603,0.68133,0.68773,0.68088,0.74718,0.75682,0.75405
"SM d31:1",0.24491,0.44169,0.39455,0.36377,0.36248,0.35808,0.44671,0.44692
"SM 44:1;2O",0.24489,0.20061,0.27428,0.34133,0.42528,0.42879,0.4508,0.45174
"SM d36:1",0.24145,0.20087,0.33408,0.31087,0.38873,0.39233,0.50771,0.51156
"LPI 18:0",0.24136,0.40441,0.78688,0.79823,0.7786,0.7704,0.76124,0.76547
"SM d39:1",0.23719,0.25902,0.30003,0.32234,0.41226,0.40761,0.50031,0.49953
"acylcarnitine 08:1",0.22986,1.0695,0.96269,0.89687,0.9436,0.93415,0.92771,0.94195
"FA 22:1 (erucic acid)",0.22938,0.50264,0.50209,0.72873,0.71139,0.70626,0.70989,0.72421
"PC O-32:1",0.22642,0.24486,0.66674,0.79338,0.76917,0.7703,0.76222,0.75897
"SM d38:0 Isomer B",0.22508,0.48229,0.48766,0.45041,0.47359,0.47619,0.54247,0.54023
"PI 36:4",0.22289,0.4672,0.45136,0.5054,0.49026,0.55212,0.54553,0.55163
"PI 16:0_16:0",0.22184,0.82195,0.84855,0.78248,0.77706,0.76969,0.76372,0.8301
"Cer d34:2 Isomer A",0.21941,0.32315,0.39673,0.62997,0.73632,0.72693,0.71839,0.72144
"SM d41:1",0.21317,0.20528,0.25178,0.31644,0.32096,0.3171,0.4715,0.47029
"Cer d36:1",0.2105,0.56265,0.50416,0.46376,0.51499,0.54961,0.5908,0.58833
"TG 60:1",0.21035,0.38955,0.4271,0.87159,0.84832,0.83739,0.8289,0.82718
"PEtOH 16:1_18:1",0.20929,0.99469,1.4332,1.3189,1.2933,1.2882,1.3422,1.3359
"LNAPE 18:2_N-19:0",0.20743,0.21464,0.22612,0.37942,0.49116,0.4849,0.54177,0.54736
"TG 47:3 Isomer B",0.20715,0.22432,0.2766,0.69217,0.6864,0.68374,0.67773,0.67593
"PC 36:4 Isomer A",0.20679,0.64529,0.57978,0.96202,0.95196,0.9412,0.93763,0.93372
"SM d41:0",0.20338,0.20301,0.25427,0.25123,0.24478,0.25042,0.38134,0.38421
"TG 36:0",0.20053,0.19614,0.60675,1.0756,1.0503,1.0937,1.0819,1.0811
"SM d40:0 Isomer A",0.19989,0.23094,0.27449,0.6284,0.62472,0.63226,0.65508,0.65274
"MGDG 16:0_20:5",0.19897,0.5517,0.85254,1.0688,1.0504,1.0568,1.0442,1.0486
"PC 35:3",0.19364,0.18996,0.21267,0.75774,0.7553,0.74607,0.73717,0.73533
"Cer-NP t42:0",0.1912,0.91812,0.81918,0.81179,0.82501,0.82606,0.81644,0.81366
"Cer-NDS d43:0",0.1895,0.232,0.43179,0.52522,0.62389,0.61768,0.61089,0.61399
"LPC O-24:1",0.18822,0.56783,0.79201,0.77471,0.8583,0.85099,0.84446,0.84105
"SM d36:0 Isomer A",0.18587,0.14695,0.32076,0.32974,0.45966,0.4625,0.55668,0.5601
"PEtOH 16:1_16:1",0.18553,1.1474,1.2324,1.1648,1.1467,1.156,1.2045,1.1997
"PC 16:0_18:2",0.18526,0.77999,0.7069,0.65233,0.63459,0.62943,0.62264,0.62163
"SM d35:1",0.18262,0.43829,0.58229,0.56042,0.57531,0.56992,0.67235,0.66973
"SM d38:1",0.18175,0.25586,0.24883,0.51824,0.52765,0.53307,0.55402,0.56259
"SM d40:1",0.18024,0.19383,0.23616,0.649,0.63948,0.64487,0.6742,0.67117
"LPC O-20:1",0.18012,1.0258,1.3222,1.2489,1.2201,1.2081,1.1947,1.1916
"SM d40:1 Isomer B",0.17974,0.32546,0.28918,0.26653,0.27343,0.297,0.32969,0.33141
"TG 54:7 Isomer A",0.17339,0.25381,0.47012,0.55654,0.54339,0.53884,0.53714,0.53526
"SM 18:0;2O/21:0",0.17281,0.56752,0.50261,0.5027,0.50295,0.49854,0.6124,0.61052
"GlcCer d40:1",0.16847,0.82697,0.75513,0.69497,0.67449,0.69473,0.71422,0.7137
"Cer d32:1",0.16714,0.58651,0.69735,0.64638,0.65703,0.6611,0.72431,0.7272
"PC 34:2",0.1652,0.68026,0.61815,0.58302,0.57113,0.56557,0.56801,0.56544
"PC 40:4",0.16411,0.74793,0.81613,0.87612,0.98528,0.97659,0.97946,0.975
"SM d41:2 Isomer B",0.16245,0.4665,0.45871,0.57224,0.57598,0.57396,0.6357,0.63375
"PA 18:1_18:1",0.16073,0.29112,0.41325,0.40141,0.42221,0.42388,0.46157,0.46007
"Cer d46:1",0.16023,0.13398,0.49039,0.56087,0.743,0.73357,0.73462,0.73139
"Cer d43:2",0.15837,0.18675,0.2798,0.47209,0.46224,0.45995,0.47697,0.47472
"TG 60:3",0.15647,0.25582,0.25778,0.59797,0.61792,0.61386,0.61112,0.60871
"Cer d38:1",0.15581,0.43749,0.54279,0.54461,0.55745,0.55971,0.63235,0.63179
"SM d40:2 Isomer B",0.15511,0.28754,0.31316,0.71049,0.69733,0.69848,0.70362,0.70272
"LPC 20:2",0.15493,0.5062,0.69865,0.68713,0.67571,0.69195,0.71458,0.71122
"GlcCer d41:1",0.15399,0.91295,0.98948,0.91059,0.88825,0.87952,0.87036,0.8689
"PC 35:2",0.15361,0.19258,0.24039,0.26351,0.25727,0.25486,0.26324,0.2625
"SM 24:1",0.15159,0.17916,0.20004,0.70305,0.76513,0.77828,0.77666,0.77455
"SM d35:2",0.15094,0.14172,0.36917,0.39834,0.48865,0.48601,0.61373,0.61087
"TG 10:0_12:0_18:2",0.14831,1.5012,1.3335,1.2281,1.1916,1.1801,1.166,1.1652
"LPC O-16:0",0.14774,0.42492,0.81743,0.75192,0.7291,0.80676,0.80794,0.80571
"SM d40:0 Isomer B",0.14741,0.37682,0.49898,0.49768,0.48461,0.49726,0.5283,0.52582
"Cer d40:2",0.13932,0.13182,0.14752,0.46518,0.45201,0.5199,0.54903,0.55124
"GlcCer d42:1",0.13661,0.48,0.43537,0.48956,0.48157,0.4887,0.48421,0.482
"FA 17:0 (margaric acid)",0.13029,0.30121,0.27868,0.67176,0.65193,0.64421,0.67484,0.67716
"SM d43:1 Isomer B",0.12807,0.15142,0.38877,0.37237,0.48151,0.47666,0.55621,0.55533
"FA 32:0",0.12724,0.61248,0.59004,0.87683,0.87301,0.86954,0.86457,0.86239
"GlcCerd14:14E/20:02OH",0.12712,0.16934,0.15545,0.21205,0.27734,0.30476,0.39847,0.39679
"SM 22:1;2O/12:0",0.12549,0.14489,0.21228,0.40043,0.40755,0.41624,0.41194,0.41581
"PMeOH 16:0_18:1",0.12445,1.6022,1.6966,1.7835,1.7623,1.7648,1.7537,1.7463
"Cer d42:3",0.1238,0.10988,0.1508,0.21402,0.21038,0.317,0.32818,0.32896
"PC P-34:1 or PC O-34:2 Isomer A",0.119,0.093938,0.26885,0.32653,0.36399,0.35978,0.3558,0.35418
"FA 14:1 (physeteric acid)",0.11779,0.34833,0.60247,0.70445,0.72813,0.73018,0.75188,0.75998
"TG 34:0",0.11772,0.74931,0.80352,1.1393,1.1093,1.1216,1.1104,1.1299
"trihydroxyoctadec-15-enoic acid",0.11633,0.9929,0.87945,0.96309,0.95418,1.0007,0.9891,0.98469
"SM d44:2",0.11206,0.16638,0.14763,0.34321,0.48129,0.48651,0.48891,0.54545
"SM d34:2",0.1114,0.42644,0.38748,0.60415,0.59064,0.60851,0.61992,0.61954
"SM d40:4",0.10574,0.36036,0.31941,0.2958,0.34639,0.37013,0.38645,0.41683
"SM 20:3;2O/24:0",0.1049,0.1607,0.47994,0.51922,0.54859,0.56317,0.55852,0.57759
"PC 40:5 Isomer A",0.10181,1.1198,1.1742,1.1326,1.1049,1.0991,1.0903,1.0852
"SM d37:1 Isomer B",0.10141,0.091335,0.45295,0.43182,0.51963,0.51373,0.5945,0.60133
"PC 30:6",0.099144,0.14006,0.45831,0.61561,0.62022,0.61743,0.62115,0.62313
"FA 14:0 (myristic acid)",0.096243,0.20046,0.68299,0.80152,0.80064,0.79377,0.78482,0.78512
"SM d34:1",0.090315,0.19133,0.21079,0.22808,0.28403,0.30057,0.32526,0.33259
"TG 56:7 Isomer B",0.088601,1.0338,0.92312,0.98673,1.0146,1.0215,1.0099,1.0083
"PC P-36:1 or PC O-36:2 B",0.086235,0.080191,0.24269,0.67797,0.73853,0.72944,0.73666,0.74427
"FA 24:1 (nervonic acid)",0.08484,0.22429,0.41664,0.65337,0.6822,0.67475,0.66724,0.66457
"LPC 20:0",0.080153,0.06329,0.40605,0.3888,0.46013,0.48601,0.54399,0.54208
"TG 58:9",0.072142,0.98003,0.90577,0.89218,0.89593,0.90138,0.89208,0.91122
"SM d42:2 Isomer B",0.070484,0.4042,0.36286,0.33671,0.42472,0.44258,0.44069,0.45365
"PC O-30:1",0.070139,0.090298,0.080364,0.35397,0.34437,0.34125,0.34065,0.34757
"PC P-42:5 or PC O-42:6 Isomer A",0.062415,0.1847,0.59456,0.56975,0.56041,0.55668,0.59033,0.5923
"acylcarnitine 12:1",0.062156,0.088402,1.1316,1.1431,1.1359,1.1343,1.121,1.129
"SM d38:0 Isomer A",0.06195,0.36476,0.32775,0.50816,0.50953,0.51018,0.54802,0.55479
"TG 60:2",0.060934,0.40394,0.42816,0.62318,0.6764,0.67172,0.67319,0.67242
"Cer d39:1",0.050996,0.14853,0.30798,0.32192,0.32348,0.32004,0.38031,0.37893
"acylcarnitine 10:1",0.049505,0.91779,1.2045,1.3704,1.3306,1.314,1.3022,1.3022
"PC P-34:1 or PC O-34:2",0.049264,0.68221,1.0673,1.0819,1.0699,1.0668,1.0646,1.0597
"LPC 20:1",0.049079,0.17458,0.53059,0.55599,0.56538,0.5932,0.63934,0.63722
"PC 38:3",0.047702,0.090227,0.11926,0.1525,0.14792,0.14717,0.14541,0.24263
"PEtOH 16:0_20:4",0.046891,0.6077,0.54694,0.67613,0.68799,0.69021,0.70682,0.70401
"PC 35:2 Isomer B",0.04084,0.20549,0.29767,0.78382,0.76696,0.76982,0.77557,0.77272
"SM 12:1;2O/32:8",0.039313,0.23982,0.46682,0.49052,0.72788,0.72245,0.71493,0.72018
"acylcarnitine 14:1",0.038785,0.38514,0.73357,1.0767,1.0868,1.0892,1.0765,1.0724
"FA 15:0 (pentadecylic acid)",0.036708,0.19601,0.1757,0.84383,0.83068,0.82733,0.82064,0.817
"FA 30:0",0.035831,0.35889,0.35439,0.85275,0.84104,0.84058,0.85481,0.85489
"acylcarnitine 20:1",0.035772,0.17986,0.17217,0.36657,0.57007,0.56509,0.57274,0.57006
"GlcCer d42:2",0.03301,0.67119,0.61402,0.59788,0.65843,0.65204,0.64957,0.64894
"Cer 20:0;2O/26:0",0.025801,0.7102,0.64967,0.72499,0.75476,0.74547,0.74992,0.75048
"SM d34:0",0.02268,0.12709,0.14335,0.24372,0.35709,0.39018,0.4056,0.40757
"FA 22:2 (docosadienoic acid)",0.014877,0.20569,0.20459,0.9347,0.95635,0.94518,0.94278,0.93845
"SM 20:0;2O/22:3",0.014688,0.31691,0.37032,0.559,0.54288,0.55556,0.55051,0.5553
"LPC 18:2",0.007743,0.83271,0.7705,0.7448,0.74906,0.7395,0.75203,0.75928
"SM d32:2",0.0040083,0.67417,0.6037,0.65944,0.68677,0.70425,0.69855,0.70721
"Cer d34:1",0.0020506,0.52456,0.55661,0.55216,0.59737,0.63189,0.66963,0.67221
