"","Comp 1","Comp 2","Comp 3","Comp 4","Comp 5","Comp 6","Comp 7","Comp 8"
"1,2-Dioleoyl-sn-glycero-3-phospho-(1'-myo-inositol)",-0.081313,0.011952,0.017237,0.08551,0.02788,-0.037083,0.032289,0.010177
"13-HODE",0.11573,-0.11702,0.063079,0.021256,-0.074386,0.072855,-0.054774,0.089621
"16,16-dimethylprostaglandin A1",0.087547,0.072414,-0.023822,-0.0034728,-0.058689,-0.058612,0.044954,0.024675
"4-HDoHE",0.17146,-0.1368,0.078179,0.023039,-0.023514,0.03987,-0.046088,0.061465
"4-methyl-2-oxopentanoic acid",0.024685,-0.040262,0.0053046,0.023227,0.020149,-0.0091717,-0.0040506,0.0063666
"5-HETE",0.16167,-0.17134,0.088772,-0.046376,0.00085599,0.064216,-0.13148,0.097644
"8,15-DiHETE",0.13595,-0.1003,0.072167,-0.016085,-0.077118,0.058313,-0.055736,0.061923
"acylcarnitine 08:0",-0.08565,0.076802,0.0029305,0.083429,-0.11733,-0.014241,0.051606,-0.064256
"acylcarnitine 08:1",-0.091664,0.067703,0.036456,0.11189,-0.075914,-0.013656,-0.023782,0.013837
"acylcarnitine 10:0",-0.025617,0.0089198,0.0044214,0.079831,-0.042494,-0.046798,0.051291,0.019327
"acylcarnitine 10:1",-0.075515,0.050789,-0.0024325,0.090892,-0.10143,-0.057639,0.084991,-0.013568
"acylcarnitine 12:1",-0.0026171,0.066418,0.034417,0.03335,-0.010721,-0.074148,0.097478,-0.12221
"acylcarnitine 14:1",-0.012136,-0.023437,0.045422,0.057782,-0.062336,0.0040631,0.025117,0.011734
"acylcarnitine 16:0",0.021905,0.0061311,0.007465,0.014287,0.02892,0.046455,-0.092129,0.011447
"acylcarnitine 18:0 Isomer A",0.0046912,0.0025687,0.0068263,-0.010156,0.046605,0.01858,-0.097298,-0.0014623
"acylcarnitine 18:1",-0.040489,0.016128,0.03942,-0.0018187,0.029839,-0.00022478,-0.063682,-0.045212
"acylcarnitine 18:2 Isomer A",-0.02677,-0.054562,0.069874,0.017455,0.07811,-0.044684,-0.042182,-0.003181
"acylcarnitine 20:1",-0.037944,0.00069682,0.055892,0.024885,-0.0082199,-0.0056587,-0.047786,-0.039529
"C16 Lactosyl Ceramide (d18:1/16:0)",-0.035471,-0.011987,0.0019284,-0.031895,-0.049926,0.098528,-0.0039828,-0.060217
"CE 18:1",-0.078529,0.076221,-0.067472,0.058623,-0.034937,0.026967,-0.0087807,0.019451
"CE 18:2",-0.1331,0.090083,-0.070954,0.031569,0.030853,-0.046489,0.0135,0.054272
"CE_13-HODE",-0.093041,0.020544,-0.014366,0.069759,0.018326,-0.049201,0.028167,0.049586
"Cer 18:0;2O/24:0",0.079044,-0.019482,-0.014642,-0.023281,-0.033417,0.023321,-0.021139,0.013931
"Cer 18:0;2O/24:1",-0.066152,0.0062688,0.020678,0.030929,-0.065006,0.070215,-0.0094104,0.0015501
"Cer 18:0;3O/16:0;(2OH)",0.051824,-0.030829,0.01816,0.042452,-0.091737,-0.010543,0.083184,-0.021289
"Cer 18:0;3O/24:0;(2OH)",0.059413,-0.051639,-0.024797,0.058597,-0.036433,-0.020572,0.053058,-0.035288
"Cer 18:1;2O_26:0;(2OH)",-0.072133,0.057595,-0.093846,0.045989,-0.1073,0.075973,-0.048053,0.037323
"Cer 18:1;2O/24:2",-0.035029,-0.0035669,0.075534,-0.055264,-0.056491,0.073569,-0.0087038,0.045408
"Cer 18:1;2O/26:0",0.06166,-0.027023,0.051663,0.0037699,-0.047908,0.051764,0.027133,-0.0083789
"Cer 18:2;2O/22:0",0.0013943,-0.0052468,0.067852,-0.068162,-0.046647,0.11088,-0.046115,0.013579
"Cer 18:2;2O/23:0",-0.0032285,0.0014162,0.060317,-0.033222,-0.085198,0.041512,-0.031886,0.02872
"Cer 18:2;2O/24:1",-0.044004,-0.033511,0.027217,0.016792,-0.056836,0.023411,-0.00051263,-0.0096395
"Cer 20:0;2O/24:0",0.086883,-0.022139,-0.020787,0.045047,-0.044826,0.0022499,0.014767,-0.055789
"Cer 20:0;2O/25:0",0.082386,-0.072131,0.025371,0.087797,-0.028296,-0.044552,0.044851,-0.04323
"Cer 20:0;2O/26:0",0.10546,-0.052281,0.014433,0.038029,-0.031804,-0.046029,0.013725,0.0024837
"Cer 20:0;3O/24:0;(2OH)",0.030439,-0.059117,0.0073033,0.065229,-0.042419,-0.014437,0.042463,-0.064488
"Cer 22:0;2O/26:0",0.041967,-0.053433,0.0014849,0.059775,-0.035585,-0.027997,-0.0026122,-0.022502
"Cer 58:11;2O",-0.063457,0.062787,-0.11115,0.066216,-0.018181,0.046673,-0.028169,0.055674
"Cer d32:1",0.06868,-0.055259,0.058165,-0.0082043,-0.065259,0.12473,-0.048406,0.038599
"Cer d33:1",0.069004,-0.070592,0.057649,0.0093223,-0.045088,0.10938,-0.018247,0.044344
"Cer d34:0",-0.0026139,-0.0077118,0.016673,0.047476,-0.062998,0.040851,-0.021684,-0.020154
"Cer d34:1",0.01276,-0.034651,0.070373,-0.018099,-0.060226,0.13897,-0.076495,-0.0056322
"Cer d34:2",0.049159,-0.050247,0.066843,-0.026106,-0.065795,0.16086,-0.055112,0.048852
"Cer d34:2 Isomer A",0.074737,-0.054724,-0.0082721,0.06269,-0.079041,0.022816,0.020699,-0.041017
"Cer d34:2 Isomer B",0.096137,-0.052257,0.067487,-0.015196,-0.11329,0.15187,-0.040231,0.0026298
"Cer d36:1",-0.029208,-0.023416,0.04456,-0.023067,-0.024511,0.094714,-0.076723,0.019738
"Cer d36:2",-0.054459,0.05561,0.10085,-0.11859,-0.034536,0.16436,-0.19184,0.042976
"Cer d38:1",-0.035393,-0.012493,0.015361,-0.012906,-0.072244,0.080782,-0.050605,0.029764
"Cer d39:1",-0.031639,-0.004941,0.033893,0.017544,-0.03856,0.027831,-0.0066939,0.025152
"Cer d40:0",0.029604,-0.0065319,-0.058762,0.0012676,-0.038015,0.032253,-0.055561,0.0080561
"Cer d40:1",-0.034433,-0.0013508,0.031246,-0.03719,-0.052797,0.092532,-0.061917,0.028326
"Cer d40:2",-0.038576,0.026219,0.054316,-0.046761,-0.047776,0.11959,-0.087915,0.0016869
"Cer d41:1",-0.080067,0.034875,-0.023794,0.043808,-0.049894,0.057386,-0.070488,0.073263
"Cer d41:2",-0.034982,-0.025164,0.036814,0.0066614,-0.016552,0.080334,-0.072509,0.018153
"Cer d42:0",0.022802,0.00030157,-0.053056,0.017647,-0.040545,0.043489,-0.047255,0.0076786
"Cer d42:1",-0.045398,0.0031114,0.015214,-0.01839,-0.071087,0.098929,-0.038344,0.045262
"Cer d42:2 Isomer A",-0.041939,0.027677,0.040996,-0.042271,-0.069155,0.090701,-0.038976,0.010488
"Cer d42:3",-0.070092,-0.0022472,0.052767,-0.0051893,-0.039185,0.064469,-0.045658,0.017192
"Cer d43:1",-0.039343,-0.014807,-0.012113,0.052275,-0.064242,0.025384,-0.02155,0.039823
"Cer d43:2",0.048761,-0.034495,-0.011301,0.049061,-0.03963,-0.020512,0.036573,0.0074689
"Cer d44:1",-0.032973,0.0059085,0.013455,0.035433,-0.061637,0.050243,-0.025115,0.028727
"Cer d44:2",0.045486,-0.050661,0.047432,0.04403,-0.039619,-0.015197,0.088986,0.018246
"Cer d46:1",0.10042,-0.038763,-0.0048373,0.0461,-0.080587,-0.0021172,0.026734,-0.039606
"Cer d46:2",0.071876,-0.028666,-0.033888,0.009103,-0.087946,0.00305,0.031209,-0.087348
"Cer-NDS d39:0",0.055763,-0.024379,0.015998,0.0754,-0.070998,-0.037393,-0.002419,-0.0024145
"Cer-NDS d40:0",0.063446,-0.039384,-0.036882,-0.00097226,-0.026469,0.036822,-0.046683,0.020473
"Cer-NDS d41:0",0.052677,-0.010761,-0.02862,0.055154,-0.043941,-0.0059887,-0.031165,0.033314
"Cer-NDS d43:0",0.096519,-0.042848,0.012075,0.058037,-0.040038,-0.0011404,0.024823,-0.026275
"Cer-NP t42:0",-0.07237,0.0056677,-0.024666,0.08098,-0.066114,-0.0074805,-0.034655,0.017501
"Cholesterol",-0.017495,-0.02232,-0.016956,0.082073,-0.10246,0.0055892,0.044271,-0.0016926
"cholesterol 3-sulfate",0.018479,-0.039902,0.0054645,0.029471,-0.044384,-0.010232,0.022896,-0.047961
"cis-13-docosenoic acid",0.021319,-0.022661,0.035677,0.025657,-0.037389,-0.025295,0.015882,0.061906
"DG 18:1_18:2",-0.1002,0.060352,-0.003655,0.042352,0.013455,-0.045438,-0.00070078,0.05012
"DG 34:1",-0.044394,0.068591,-0.042468,0.011415,-0.075754,0.0082128,-0.040543,0.046714
"docosanamide",-0.0165,0.00054984,0.034857,0.05825,-0.058687,-0.052862,0.012821,0.025443
"FA 14:0 (myristic acid)",0.12752,-0.059175,-0.060315,0.01506,-0.011733,-0.0049618,-0.0053775,-0.012396
"FA 14:1 (physeteric acid)",0.10471,-0.061542,-0.029675,-0.0049453,-0.0034019,0.024227,-0.010061,0.042158
"FA 15:0 (pentadecylic acid)",0.047844,-0.065283,-0.041552,0.033239,-0.034858,-0.026641,0.033532,-0.028771
"FA 15:1",0.063106,-0.065167,-0.02405,0.0043589,-0.068659,-0.0080968,0.038113,0.035347
"FA 16:1 (palmitoleic acid)",0.076863,-0.077538,-0.059961,0.021931,-0.029604,-0.010032,0.00039867,0.044608
"FA 17:0 (margaric acid)",0.018107,-0.017492,-0.00208,0.046824,-0.084324,0.0011857,0.026058,0.0086369
"FA 18:1 (oleic acid)",0.036689,-0.024581,0.026194,-0.011301,-0.030274,0.0037385,0.0047288,0.017548
"FA 18:2 (linoleic acid)",0.080819,-0.10162,0.085121,-0.017315,-0.018382,0.011861,-0.035115,0.097279
"FA 18:3 (linolenic acid)",0.058233,-0.064956,0.075671,0.02007,0.020622,-0.063398,-0.020159,0.046162
"FA 19:1",0.068974,-0.05957,-0.057618,0.04826,-0.051101,-0.0091585,-0.01524,0.0071098
"FA 20:2 (eicosadienoic acid)",0.094755,-0.08189,-0.0040071,-0.036835,-0.056071,0.018077,-0.00051228,0.077036
"FA 20:3 (homo-gamma-linolenic acid)",0.15142,-0.12187,0.074579,-0.079121,-0.020079,0.047387,-0.063965,0.092349
"FA 20:4 (arachidonic acid)",0.16806,-0.16863,0.10495,-0.097576,0.0089417,0.025096,-0.060078,0.138
"FA 20:5 (eicosapentaenoic acid)",0.11685,-0.12573,0.07448,-0.068143,0.068389,-0.071458,-0.051571,0.12579
"FA 22:0 (behenic acid)",0.030287,-0.050464,-0.019447,0.064882,-0.03247,-0.01939,0.051996,-0.020587
"FA 22:1 (erucic acid)",-0.023,-0.044783,-0.031914,0.085268,-0.084803,0.0095483,0.0034227,0.055349
"FA 22:2 (docosadienoic acid)",0.048241,-0.060714,-0.025925,0.055609,-0.045531,-0.05546,0.045584,0.042346
"FA 22:4",0.16538,-0.1318,0.084275,-0.10044,0.0053941,0.024796,-0.030238,0.11675
"FA 22:6 (docosahexaenoic acid)",0.20204,-0.14396,0.090745,-0.068527,0.023914,-0.074336,-0.024627,0.14912
"FA 23:0",0.023032,-0.054265,-0.028407,0.061943,-0.038585,-0.033965,0.057439,-0.043763
"FA 24:1 (nervonic acid)",0.016403,-0.068587,-0.028713,0.074176,-0.078913,0.039568,0.01834,-0.023724
"FA 28:0 (montanic acid)",-0.0069184,-0.033843,-0.015545,0.084503,-0.014503,-0.05135,0.064906,-0.015756
"FA 30:0",0.0078154,-0.019475,-0.021875,0.095524,-0.039455,-0.030659,0.036544,0.005448
"FA 32:0",-0.033869,-0.0034074,-0.03024,0.10581,-0.032858,-0.056602,0.032573,0.030856
"FAHFA 18:0/20:2",0.03211,-0.03827,-0.015032,0.041404,0.024174,-0.016303,0.065139,-0.12488
"FAHFA 38:4",0.067517,-0.0072359,0.04822,-0.069755,-0.01339,0.034687,-0.027271,0.036629
"GlcCer d34:1",-0.0085368,-0.020151,-0.010458,-0.0053194,-0.070936,0.057446,0.010354,-0.046302
"GlcCer d40:1",-0.049161,0.0054176,-0.019568,0.024469,-0.051586,0.032166,0.033013,0.036831
"GlcCer d41:1",-0.027316,-0.0080616,-0.0058991,0.073481,-0.052488,0.018712,-0.041274,0.03441
"GlcCer d42:1",-0.035069,-0.01823,-0.023943,0.048703,-0.060751,0.039305,0.029728,0.028492
"GlcCer d42:2",-0.055424,0.019964,0.0061016,0.02329,-0.05536,0.04909,0.00044033,0.027549
"GlcCerd14:14E/20:02OH",-0.023694,0.012004,0.05655,0.003915,-0.06645,0.068618,-0.04491,0.019117
"Hex3Cer 18:1;2O/16:0",-0.068674,0.005354,0.048403,0.027641,-0.055493,0.046738,-0.04925,-0.011817
"HexCer 18:1;2O/24:0",-0.014466,0.019687,-0.0099062,0.023851,-0.073324,0.026627,-0.0025032,0.052946
"lactosylceramide d18:1/24:1 15Z",-0.024267,0.0011368,-0.00901,-0.068232,-0.054006,0.09535,-0.015091,-0.037945
"LNAPE 18:2_N-19:0",-0.056127,-0.014286,0.034614,-0.0017081,-0.031652,0.031889,-0.030705,0.034613
"LNAPE 18:2/N-20:0",-0.051764,-0.023376,0.0094059,0.054154,-0.050315,-0.030915,0.013868,-0.044532
"LPC 14:0",0.077192,-0.0045227,-0.071199,0.031354,-0.0056277,0.027624,-0.083052,0.063773
"LPC 15:0",0.037401,-0.033202,-0.019279,0.051349,-0.036986,0.042857,-0.10534,0.061273
"LPC 16:0",0.0026818,-0.045987,-0.015125,0.078055,-0.035719,0.057467,-0.1289,0.074464
"LPC 16:1",-0.025061,-0.026152,-0.01591,0.049335,0.0048422,0.039803,-0.10137,-0.018005
"LPC 17:0",0.0034191,-0.046506,-0.010932,0.074425,-0.048854,0.025642,-0.090834,0.034251
"LPC 18:0",-0.020122,-0.055108,-0.0078388,0.067576,-0.039121,0.040236,-0.098161,0.053321
"LPC 18:1",-0.0017507,-0.049563,0.0032131,0.028067,0.010034,0.054851,-0.1131,-0.012936
"LPC 18:2",0.0022801,-0.062779,0.044348,0.026405,0.045591,-0.025365,-0.073102,-0.015863
"LPC 20:0",0.020759,-0.045376,0.014027,0.055469,-0.044488,0.012855,-0.0091609,-0.012137
"LPC 20:1",0.033141,-0.04637,-0.01535,0.05581,-0.066899,0.028742,0.0094761,0.016497
"LPC 20:2",0.05109,-0.08496,-0.0023118,0.038628,-0.040639,0.0209,-0.043554,-0.016625
"LPC 20:3",0.04926,-0.091527,0.023306,-0.01828,0.076204,0.054661,-0.11493,0.016967
"LPC 20:4",0.056194,-0.151,0.05296,-0.015871,0.15634,-0.0046765,-0.080351,0.04161
"LPC 20:5",0.030439,-0.11614,0.036559,0.04033,0.099646,-0.0070717,-0.088941,-0.0084949
"LPC 22:6",0.065495,-0.13042,0.040806,-0.0093638,0.13414,-0.080275,-0.068254,0.066843
"LPC 32:0",-0.072627,0.010808,-0.0048474,0.032739,-0.044533,0.052971,-0.026257,-0.030951
"LPC O-16:0",0.0358,-0.075167,0.022278,0.017377,-0.059957,0.095172,-0.073659,0.043832
"LPC O-20:1",0.09305,-0.0070338,-0.06575,0.01092,-0.10483,0.014544,-0.011021,0.081529
"LPC O-22:0",0.0018263,-0.04019,-0.028188,0.023245,-0.040531,0.056597,0.0093606,-0.027242
"LPC O-24:0",-0.0038959,0.0049698,-0.0067702,0.039056,-0.0092602,0.028816,0.0032705,-0.039279
"LPC O-24:1",0.0014257,-0.016719,-0.0077423,0.029694,-0.031264,0.063347,0.02175,0.0020212
"LPC P-16:0 or LPC O-16:1",0.0091443,-0.044229,0.026231,0.017079,-0.057995,0.1028,-0.070218,0.01206
"LPC p-18:0",0.023073,-0.075378,0.019303,0.027456,-0.055851,0.099313,-0.067956,0.053481
"LPC P-18:0 or LPC O-18:1",0.060263,-0.059579,0.008521,0.027615,-0.057551,0.041223,-0.069436,0.002894
"LPE 16:0",0.063617,-0.072966,0.093368,-0.044486,-0.057708,0.053652,0.017969,0.018012
"LPE 18:0",0.04124,-0.039543,0.051963,-0.061469,-0.057899,0.051869,-0.00089962,0.071713
"LPE 18:1",0.051895,-0.088574,0.090758,-0.086444,-0.0071927,0.034689,-0.008226,-0.022888
"LPE 18:2",0.031602,-0.11623,0.064554,-0.043199,0.026647,0.036244,-0.010136,-0.027161
"LPE 20:4",0.097791,-0.15594,0.099061,-0.077548,0.11155,-0.044062,-0.023008,-0.012364
"LPE 22:6",0.12977,-0.13755,0.085285,-0.027994,0.07808,-0.058754,-0.01953,-0.051733
"LPE O-16:1",0.03338,-0.026524,0.069428,-0.04443,-0.10238,0.095588,-0.046042,0.043341
"LPE O-18:1",0.050116,-0.060941,0.078084,-0.086308,-0.073253,0.046289,-0.046462,0.067297
"LPI 18:0",0.050569,-0.094801,-0.0032683,0.087593,-0.032673,0.028441,-0.046418,0.05197
"LPS 18:0",0.081271,-0.1155,0.064502,0.0058865,-0.040707,0.043715,-0.053295,0.028698
"MG 20:4",-0.061688,-0.0022946,0.083689,-0.11091,0.051387,-0.054607,0.01973,0.0035787
"MGDG 16:0_20:5",-0.01512,-0.016418,0.043996,0.031034,-0.088689,-0.0062797,-0.00043292,0.0027421
"N-docosanoyl-4-sphingenyl-1-O-phosphorylcholine",-0.085064,-0.0025293,0.084898,-0.024631,0.036722,-0.0099151,-0.010402,0.02485
"OxPC 36:3+1O",-0.09304,0.049716,-0.019518,0.044634,-0.079486,0.015695,-0.010008,-0.0058596
"PA 18:1_18:1",0.014448,-0.0058518,0.0074699,0.031877,-0.091603,0.043244,-0.03488,0.050049
"palmitoyl ethanolamide",0.081747,-0.095336,0.055157,0.018502,-0.12633,0.085751,0.019261,0.008435
"PC 14:0_16:1",0.040604,0.079943,-0.09769,-0.022605,-0.0055602,0.044159,-0.025811,0.012103
"PC 16:0_14:0",0.036222,0.068709,-0.069336,-0.031898,0.0010234,0.054103,-0.077856,0.028615
"PC 16:0_18:2",-0.058912,-0.0025724,-0.00058651,0.057993,-0.039328,0.008171,0.0020796,0.037986
"PC 16:0_22:6",0.018199,-0.040448,0.034935,-0.011599,0.069543,-0.14609,0.044656,0.07312
"PC 16:0_5-oxovaleryl",-0.045626,0.0087004,-0.097246,0.06592,0.026579,-0.073703,-0.0045442,0.028092
"PC 16:0_azealic acid (PCPAz-PC)",-0.048435,0.0058105,-0.081315,0.11569,-0.084312,-0.044791,-0.030228,0.10188
"PC 16:0_glutaric acid",-0.066706,0.025089,-0.089939,0.068574,-0.0082596,-0.038661,-0.028949,0.079141
"PC 16:0/9:0 CHO",-0.0064512,-0.05267,-0.082078,0.11033,-0.0065638,-0.041435,-0.067253,0.07505
"PC 18:0_18:1",-0.065717,0.037042,-0.019111,0.00043697,-0.026539,0.012757,-0.030944,-0.012328
"PC 19:1",-0.059899,0.14731,0.034517,0.048864,-0.081423,-0.099982,0.099391,-0.062553
"PC 19:2",-0.05463,0.13511,0.069327,0.079445,-0.057492,-0.12878,0.086665,-0.11672
"PC 21:4",0.0072056,0.063898,0.087206,0.087896,0.025606,-0.13023,0.067913,-0.14587
"PC 24:0",-0.11197,0.081738,-0.070549,0.084093,-0.10871,-0.016066,-0.00071316,0.082236
"PC 28:0",0.11023,0.086199,-0.078785,-0.061658,0.023435,0.041125,-0.01795,0.013284
"PC 29:0",0.05049,0.049415,-0.067568,-0.022131,-0.024179,0.035611,-0.07224,0.021836
"PC 30:0",0.012116,-0.026765,-0.018316,0.062701,-0.045077,0.044929,-0.0082466,0.019415
"PC 30:6",0.023286,-0.091019,-0.031441,0.084055,0.035171,-0.028081,0.0097016,0.0451
"PC 31:0",0.010695,0.02755,0.016962,-0.057809,0.0076989,0.027562,-0.086661,0.012544
"PC 31:1",0.018816,0.064827,-0.049568,-0.021951,-0.014476,0.092972,-0.085515,-0.011845
"PC 32:0",-0.056563,0.032188,0.0048228,0.032913,-0.055059,0.030729,-0.050325,0.0056916
"PC 32:1",-0.030886,0.087017,-0.079665,-0.020169,0.011828,0.063016,-0.095419,-0.00010945
"PC 32:2",-0.0052967,0.076984,-0.060754,-0.019042,0.023371,-0.015571,-0.031043,0.067841
"PC 33:0",-0.04514,0.040436,0.012154,-0.034541,-0.01568,0.016694,-0.093342,-0.024129
"PC 33:1",-0.038619,0.078866,-0.045861,-0.03182,0.0029575,0.035189,-0.10924,-0.0057173
"PC 33:2",-0.044726,0.048473,0.0030303,-0.035978,0.065069,-0.036374,-0.078655,0.067722
"PC 33:3",0.021062,-0.020218,0.0761,0.013605,-0.052214,0.020761,-0.012728,0.0045628
"PC 34:0",-0.077702,0.025905,0.034884,-0.040321,-0.013108,0.037001,-0.086404,-0.011364
"PC 34:1",-0.053493,0.048413,-0.04163,0.027197,-0.041788,0.027028,-0.049765,-0.014172
"PC 34:2",-0.058463,0.0063101,0.00081802,0.04728,-0.0082414,-0.015427,-0.0073154,0.048692
"PC 34:3 Isomer B",-0.029149,0.067246,0.0029579,-0.038705,0.082286,-0.01808,-0.083613,0.052602
"PC 34:4",0.033976,0.036156,-0.060634,-0.067772,0.069654,-0.050374,-0.0063197,0.07172
"PC 35:1",-0.078601,0.078287,-0.0070391,-0.031837,0.012096,0.015814,-0.092503,-0.042099
"PC 35:2",-0.033949,-0.020707,-0.0098108,-0.0033903,-0.030546,-0.051928,-0.051476,-0.02759
"PC 35:2 Isomer B",-0.073894,0.037867,0.040555,-0.031256,0.073867,-0.044211,-0.075334,0.0053235
"PC 35:3",-0.037319,0.031332,0.0043178,-0.048516,0.081921,-0.026014,-0.08903,0.026058
"PC 35:4",0.0036789,-0.014243,-0.0083759,0.013642,0.075351,-0.057515,0.050241,-0.018558
"PC 36:0",-0.042369,0.0031843,0.017888,-0.068986,-0.022166,0.020747,-0.047858,-0.020869
"PC 36:1",-0.072576,0.049861,0.01505,-0.0077903,-0.035159,0.01638,-0.043044,-0.012344
"PC 36:2",-0.11387,0.058107,0.028395,-0.032379,0.060564,-0.030141,-0.063236,0.025093
"PC 36:3 Isomer B",-0.02972,-0.0019794,0.01243,-0.019593,0.038828,-0.029861,-0.030353,0.026364
"PC 36:4 Isomer A",-0.035377,0.0094128,0.06178,-0.043133,0.090904,-0.053757,-0.044108,0.054384
"PC 36:4 Isomer B",-0.012432,-0.0019982,0.0267,-0.045622,0.10813,-0.082265,0.028021,0.048196
"PC 36:4 Isomer C",-0.02863,0.021548,0.039457,-0.086752,0.17058,-0.078053,-0.0081167,0.060814
"PC 36:5 Isomer D",-0.0054667,0.010416,0.07106,-0.067034,0.17148,-0.086226,-0.078908,0.050924
"PC 37:3",-0.038657,0.023788,0.016145,-0.038179,0.077609,-0.038268,-0.058566,-0.0048631
"PC 37:4",-0.027778,0.0089106,0.051052,-0.071379,0.14415,-0.096363,-0.021512,0.0028524
"PC 38:1",-0.091695,0.067788,0.0073659,-0.035289,-0.022165,0.015086,-0.034581,-0.05254
"PC 38:2",-0.012433,-0.0041389,0.0028167,0.030503,-0.041744,-0.01048,0.059181,-0.00044635
"PC 38:3",-0.04238,-0.02413,0.012621,0.013475,-0.0042963,-0.019346,-0.05866,0.026925
"PC 38:4 Isomer B",-0.04137,-0.063763,0.045958,-0.016722,0.097523,-0.069573,0.045398,0.032291
"PC 38:4 Isomer C",-0.041361,-0.0027458,0.05597,-0.066589,0.14085,-0.099195,0.013773,0.044372
"PC 38:5 Isomer A",-0.017232,0.015199,0.067127,-0.085011,0.15068,-0.11262,-0.022114,0.063826
"PC 38:5 Isomer B",-0.018975,0.013217,0.071439,-0.097702,0.13899,-0.077838,-0.042338,0.05779
"PC 38:6 Isomer A",-0.001557,-0.0095773,0.080555,-0.093876,0.1404,-0.08816,-0.033211,0.073169
"PC 40:1",-0.058011,0.053919,0.029913,0.017434,-0.072331,-0.022541,-0.026018,-0.054484
"PC 40:4",-0.042035,0.032722,0.025514,-0.085909,0.10785,-0.012891,-0.034346,0.016791
"PC 40:5 Isomer A",-0.034231,-0.002214,0.058171,-0.043554,0.11618,-0.096306,-0.021094,0.039792
"PC 40:5 Isomer B",-0.032887,0.012627,0.049399,-0.10584,0.098056,-0.04608,-0.015379,0.052725
"PC 40:6 Isomer B",-0.012013,-0.010865,0.064472,-0.067636,0.14197,-0.16238,0.0033862,0.076288
"PC 40:7 Isomer B",0.001159,-0.0099073,0.077075,-0.067439,0.10686,-0.15468,0.013842,0.082826
"PC 42:2",-0.071734,0.082617,0.0082805,0.0050739,0.016985,-0.015831,0.0070599,-0.034417
"PC O-18:0_16:0",-0.031384,-0.028234,-0.024914,0.039173,-0.086168,0.064616,-0.030478,0.0044038
"PC O-30:0",-0.042198,0.033665,-0.0033414,-0.051163,0.013178,0.078455,-0.061913,-0.053439
"PC O-30:1",-0.029975,0.018462,0.00087263,-0.055535,0.014747,0.036054,-0.030409,-0.014253
"PC O-31:7",-0.081081,0.1353,0.0012875,-0.049384,-0.20941,0.041227,0.1573,-0.035547
"PC O-32:0",-0.077577,0.033066,0.0070995,-0.02652,-0.012602,0.077863,-0.038012,-0.024763
"PC O-32:1",-0.10239,0.059717,0.037225,-0.071622,0.0096912,0.044497,-0.022412,-0.0040441
"PC O-33:0",-0.053405,0.034333,-0.01294,-0.02202,-0.030745,0.062979,-0.053053,-0.015136
"PC O-34:0",-0.06514,0.029102,0.0090434,-0.027881,-0.04056,0.075264,-0.042241,-0.012316
"PC O-36:1",-0.0937,0.065906,-0.020024,-0.074847,0.014584,0.07011,-0.031538,-0.055477
"PC O-37:0",-0.077252,0.025874,0.035241,-0.045141,-0.02962,0.066306,-0.081251,0.027873
"PC O-40:2 or PC 40:2e",-0.018358,0.034052,-0.057136,0.016998,-0.019917,0.019767,0.047176,-0.13067
"PC O-42:2 or PC 42:2e",-0.05712,0.047633,-0.049877,-0.0087742,0.045099,-0.02652,-0.015043,-0.13489
"PC P-34:0 or PC O-34:1",-0.052041,0.0083031,-0.0030028,0.011425,-0.041364,0.027003,-0.0026568,-0.041736
"PC P-34:1 or PC O-34:2",-0.090318,0.045787,0.064681,-0.086836,0.062645,-0.01354,-0.032402,-0.031305
"PC P-34:1 or PC O-34:2 Isomer A",-0.054288,0.010313,0.014888,-0.034885,-0.013659,-0.010244,0.0075299,0.021381
"PC P-34:2 or PC O-34:3",-0.080116,0.029086,0.08206,-0.095403,0.067201,-0.035774,-0.0051465,0.039511
"PC P-36:1 or PC O-36:2 A",-0.086585,0.07108,0.018525,-0.058334,0.0451,0.026875,-0.0060343,-0.075715
"PC P-36:1 or PC O-36:2 B",-0.071419,0.04243,0.029834,-0.068322,0.0061319,0.040178,-0.0082122,0.0064994
"PC P-36:2 or PC O-36:3",-0.089822,0.04621,0.045958,-0.063791,0.045527,-0.034091,0.0015304,-0.0066138
"PC P-36:3 or PC O-36:4",-0.030699,0.0076349,0.072292,-0.091,0.14168,-0.058378,-0.00074886,-0.018113
"PC P-36:4 or PC O-36:5",-0.043727,0.016022,0.090237,-0.12899,0.11707,-0.063505,0.019256,0.05514
"PC P-38:3 or PC O-38:4 Isomer B",-0.022433,0.012313,0.067227,-0.11532,0.1586,-0.031173,-0.001055,-0.0074042
"PC P-38:4 or PC O-38:5 Isomer A",-0.0030985,0.00014843,0.083532,-0.084793,0.15147,-0.099321,0.023342,0.019257
"PC P-40:4 or PC O-40:5",-0.031408,0.0010939,0.029236,-0.060929,0.13704,-0.038642,0.015998,0.017537
"PC P-40:5 or PC O-40:6",-0.048396,-0.0040622,0.050038,-0.0056434,0.066331,-0.068155,-0.0072368,0.0003514
"PC P-42:2 or PC O-42:3",-0.059536,0.03686,-0.025225,0.017878,-0.013929,-0.051661,0.026602,-0.049165
"PC P-42:4 or PC O-42:5",-0.044831,0.0012247,0.020301,-0.013278,0.098029,-0.040369,0.0044304,-0.03262
"PC P-42:5 or PC O-42:6 Isomer A",-0.088725,0.0036811,-0.0089476,0.016099,0.030653,-0.0064294,0.061105,-0.06519
"PC P-44:4 or PC O-44:5",-0.0010968,0.00038601,0.029464,-0.04093,0.091458,-0.036258,0.033657,-0.013802
"PE 16:1_18:1",-0.013155,0.0024632,0.081314,-0.089007,-0.0092432,-0.03795,0.11026,-0.035725
"PE 34:1",-0.00074824,0.020186,0.094636,-0.10625,-0.038425,-0.02232,0.10441,-0.067186
"PE 34:2",-0.027724,0.013264,0.10606,-0.11003,-0.010665,0.0077118,0.068483,-0.047754
"PE 36:1",-0.045886,0.041541,0.10287,-0.13515,0.0015783,0.0057374,0.07876,-0.074719
"PE 36:2",-0.025092,0.024911,0.11696,-0.13502,0.0056864,-0.024996,0.068685,-0.051375
"PE 36:3",0.0052121,-0.0054806,0.098753,-0.10595,-0.019655,-0.047277,0.081955,-0.031581
"PE 36:4",0.021156,-0.030838,0.11819,-0.14335,0.074809,-0.072411,0.094268,-0.0020823
"PE 38:4",-0.0077254,-0.019491,0.080639,-0.063356,0.01084,-0.078869,0.095459,-0.051563
"PE 38:5",0.00020561,-0.036086,0.060411,-0.068361,0.023807,-0.016499,0.077864,-0.097949
"PE 38:6",0.059992,-0.0075555,0.075669,-0.095625,0.0506,-0.085821,0.10094,-0.020825
"PE 38:6 Isomer B",0.028423,-0.01689,0.029303,0.012942,-0.087328,-0.03741,0.052063,-0.040997
"PE O-16:1_18:1",-0.056551,0.014517,0.095527,-0.082926,-0.03112,-0.0054555,0.066545,-0.051057
"PE O-16:1_18:2",-0.052071,-0.014126,0.082609,-0.01648,-0.07635,0.018566,0.04876,-0.0063137
"PE O-16:1_22:6",0.018929,-0.031115,0.090083,-0.032858,0.0063814,-0.0447,0.057309,-0.039151
"PE O-18:1_16:0",0.13671,-0.043883,-0.038211,-0.029879,-0.048442,0.1272,-0.0091479,-0.079136
"PE O-18:1_22:6",0.018083,-0.0074036,0.013859,0.0311,-0.053858,-0.0096491,0.057041,-0.075815
"PE O-38:6 Isomer A",-0.016163,-0.0099042,0.046988,-0.030209,-0.0095524,0.0071308,0.047451,-0.061372
"PE O-40:4",-0.059106,-0.02474,0.064292,-0.02847,-0.026691,0.013902,0.066962,-0.034855
"PE O-40:5 Isomer B",0.02243,-0.029081,0.070994,-0.08397,0.018416,-0.0038036,0.068149,-0.078152
"PE O-40:6 Isomer B",-0.028886,-0.045256,0.050987,-0.068457,-0.011684,-0.058793,0.061764,-0.031626
"PE P-34:1 or PE O-34:2",-0.0032308,0.0054343,0.08604,-0.079502,-0.027344,-0.012725,0.092965,-0.025756
"PE P-36:1 or PE O-36:2",-0.03137,0.034355,0.11069,-0.12432,-0.019207,0.012688,0.061345,-0.010222
"PE P-36:2 or PE O-36:3",-0.012859,0.0094573,0.10217,-0.13577,0.0066184,-0.051917,0.080183,-0.012756
"PE P-36:4 or PE O-36:5",0.023425,-0.025015,0.12677,-0.15193,0.053207,-0.069495,0.080605,-0.03188
"PE P-38:4 or PE O-38:5",-0.011229,0.0055644,0.091908,-0.048306,0.0036563,0.0026646,0.042663,-0.006419
"PE P-38:5 or PE O-38:6",0.0074553,-0.040895,0.1119,-0.086265,-0.0047826,-0.049128,0.075174,-0.062957
"PE P-40:4 or PE O-40:5 Isomer A",-0.0538,0.0070209,0.082509,-0.13386,-0.00038066,0.002989,0.08215,-0.00935
"PE-O 18:1_22:6",0.011005,-0.02072,0.09515,-0.069576,0.0058586,-0.049114,0.068494,-0.053188
"PEtOH 16:0_16:0",0.087352,-0.08866,0.084359,0.024513,-0.091925,0.064089,-0.098269,0.051746
"PEtOH 16:0_16:1",0.062534,-0.061363,0.055582,-0.0064239,-0.096249,0.09229,-0.10407,0.10034
"PEtOH 16:0_18:1",0.1699,-0.041202,0.11401,-0.00080642,-0.15611,0.086878,-0.18359,0.13415
"PEtOH 16:0_20:4",0.10571,-0.021077,0.074498,0.036097,-0.097909,0.060006,-0.018578,-0.0054147
"PEtOH 16:1_16:1",0.079849,-0.081009,0.099822,-0.04804,-0.057201,0.16169,-0.12606,0.057473
"PEtOH 16:1_18:1",0.21657,-0.055352,0.10533,-0.0030587,-0.12786,0.074339,-0.14358,0.11409
"PEtOH 18:1_18:1",0.15553,-0.043194,0.053383,0.045737,-0.15314,0.043196,-0.079034,0.10829
"PEtOH 18:1_20:4",0.04111,0.06297,0.13082,-0.067202,-0.096175,0.15361,-0.20943,0.10871
"PEtOH 36:1",0.1661,-0.0089638,0.030805,0.058973,-0.11383,0.066375,-0.088972,0.13328
"PFAP-FT_diPAP",0.17938,-0.10642,0.11711,0.059403,0.19512,-0.21621,-0.17262,0.10286
"PGE2",0.089353,-0.04254,0.01372,0.042272,-0.11674,0.059021,-0.013086,0.054907
"Phosphatidylethanolamine alkenyl 16:0-20:4",0.039033,-0.042508,0.11479,-0.14072,0.052808,-0.089282,0.086691,0.066877
"Phosphatidylethanolamine alkenyl 18:0-18:2",-0.0015414,0.017677,0.09486,-0.097943,-0.067912,-0.035648,0.052896,-0.049095
"PI 16:0_16:0",0.0052541,0.039117,-0.015283,0.048839,-0.027032,0.044438,-0.044005,0.057963
"PI 18:0_20:4",-0.035224,0.02262,0.027277,-0.0011538,0.12227,-0.094209,0.015428,-0.032396
"PI 32:1",-0.049892,0.028263,-0.040392,0.052542,-0.095655,-0.0045607,-0.016867,0.052137
"PI 34:1 Isomer A",-0.020247,0.00055134,0.050135,0.006725,0.01598,0.035325,-0.064537,-0.0068856
"PI 34:2",-0.059955,0.013964,0.0093315,0.09092,0.007466,-0.03663,-0.019841,0.024135
"PI 34:2 Isomer B",-0.066655,-0.0056291,0.0069952,0.061379,-0.036383,-0.015549,-0.0061092,0.0058274
"PI 36:1 Isomer A",-0.075381,0.051896,-0.026416,0.038644,-0.048542,0.017984,-0.019645,-0.076162
"PI 36:4",-0.032099,-0.005769,-0.01251,-0.00043207,0.12361,-0.039505,-0.022522,-0.055912
"PI 38:3",-0.03269,0.019935,0.02568,0.03229,0.053526,-0.02373,-0.024839,-0.046583
"PI 38:4",-0.058938,0.011313,0.035944,-0.030084,0.14499,-0.084507,0.0068346,-0.029925
"PMeOH 16:0_18:1",-0.081001,0.10901,-0.011136,0.013434,-0.20231,0.019468,0.08921,-0.011086
"PS 16:0_22:4",0.017513,-0.054929,0.093589,-0.10997,0.11108,-0.069145,0.023814,0.034456
"PS 18:0_22:6",0.050817,-0.054749,0.078579,-0.052003,0.073134,-0.1357,0.019474,0.068859
"PS 36:1",-0.022667,-0.043575,0.057358,-0.084359,-0.0079609,0.017571,0.003014,-0.0082358
"PS 36:2",0.038996,-0.016312,0.03507,-0.0054732,-0.064278,-0.050988,0.023855,-0.032309
"PS 38:3",-0.019902,-0.03048,0.11917,-0.00069601,-0.0040102,0.0019838,0.015002,-0.032379
"PS 40:4",0.021255,-0.056265,0.059869,-0.056932,0.021923,-0.067523,0.021031,-0.00052116
"SHexCer 34:1;3O",0.0041496,-0.010155,0.026154,0.035284,-0.027697,-0.027876,0.0339,-0.027273
"SHexCer d34:1",0.0028082,0.0069446,0.014196,0.025845,-0.011369,-0.0017476,0.023702,-0.061176
"SM 12:1;2O/32:8",-0.11247,0.033887,0.016047,-0.0041813,0.074766,-0.014985,-0.044365,0.0056868
"SM 16:1;2O/16:0",0.018455,0.0057002,0.053944,0.02593,-0.057028,0.066324,-0.032907,-0.028661
"SM 18:0;2O/21:0",-0.066914,0.039423,0.0093423,-0.0027877,-0.049487,0.034296,-0.060301,0.076363
"SM 20:0;2O/22:3",-0.0078038,0.011942,0.021841,0.045946,-0.091727,-0.0082698,0.0069892,0.03427
"SM 20:3;2O/24:0",-0.073992,0.026132,0.075044,-0.010479,-0.035042,0.0219,-0.024508,0.013859
"SM 22:1;2O/12:0",-0.029454,-0.013087,0.017722,0.053501,-0.073032,0.0097916,-0.019843,-0.049338
"SM 24:1",-0.080264,0.051114,0.058417,-0.034232,-0.042822,0.069456,-0.064544,0.0013723
"SM 25:2;2O/15:1",-0.084212,0.0089594,0.061632,0.00034538,0.0064855,0.0057354,-0.035352,0.030911
"SM 26:0;2O/18:1",-0.018031,-0.017535,0.0087839,0.021381,-0.092536,0.037559,-0.032341,0.063273
"SM 30:2;2O (FA 14:0)",-0.050659,0.040674,0.0014584,0.030922,-0.01946,-0.060259,0.057277,-0.031203
"SM 32:0;3O",-0.02613,0.014896,-0.00367,-0.022312,-0.06017,0.07343,-0.027435,-0.044661
"SM 34:0;3O",-0.012586,-0.0063175,0.091584,0.016509,-0.057086,0.020215,-0.029772,-0.0374
"SM 34:2;3O",-0.10718,0.031104,-0.0032048,0.031706,-0.1164,0.069574,-0.019859,0.041384
"SM 35:1;2O",-0.0064284,-0.0047886,0.078465,-0.021739,-0.009331,-0.01892,-0.049091,0.069266
"SM 38:4;3O",-0.029534,0.0056556,0.076824,-0.087635,0.14051,-0.063678,0.0026936,-0.013616
"SM 42:0;3O",-0.035206,-0.0010777,0.016403,0.040352,-0.062624,0.087714,0.030353,-0.042328
"SM 42:1;3O",-0.076228,0.026134,0.030321,0.030524,-0.066406,0.042217,-0.010102,0.0044178
"SM 42:2;3O",-0.063917,0.031026,-0.026196,0.0179,-0.067751,0.048584,-0.05531,0.021022
"SM 42:5;3O",-0.050675,-0.0097852,0.025415,-0.052923,0.09256,-0.027708,0.00035795,-0.017652
"SM 42:7;3O",-0.12584,0.14121,-0.047511,0.045946,-0.13151,0.041852,0.052714,-0.01025
"SM 44:1;2O",-0.017512,0.0019481,0.03471,0.042566,-0.075832,0.05881,0.0012085,0.0049234
"SM 46:5;3O",-0.040109,0.019144,0.0019494,-0.020336,0.067223,-0.013814,0.039765,-0.0022726
"SM d30:1",-0.027031,0.067801,0.0073968,-0.0081048,-0.015167,0.024729,-0.073677,-0.03041
"SM d31:1",-0.026086,0.039361,-0.0060764,-0.0032738,-0.0442,0.016984,-0.046575,0.023528
"SM d32:1",-0.0026193,0.029835,0.020667,0.0067544,-0.008672,0.068472,-0.086232,-0.0080842
"SM d32:2",-0.036779,0.064554,0.0031271,-0.02359,-0.0072014,0.037782,-0.048915,-0.021128
"SM d33:1",-0.044499,0.025401,0.061662,-0.039723,-0.0077815,0.075965,-0.097398,0.018197
"SM d34:0",-0.041825,-0.000010507,0.04058,-0.0052446,-0.078483,0.050829,-0.04588,0.046184
"SM d34:1",-0.055605,-0.011162,0.040284,0.039242,-0.066904,0.034182,-0.030251,-0.011186
"SM d34:2",-0.088209,0.047329,0.05115,-0.01549,-0.0062803,0.073454,-0.065335,-0.000031928
"SM d35:1",-0.065675,0.0074244,0.075441,-0.039624,-0.0053987,0.027376,-0.08446,0.021789
"SM d35:2",-0.063439,0.031334,0.061121,-0.037768,-0.0015948,0.039367,-0.087115,0.00096073
"SM d36:0 Isomer A",-0.084489,-0.017893,0.042762,0.0053593,-0.025459,0.032757,-0.055533,0.047678
"SM d36:0 Isomer B",-0.057755,-0.04287,0.00762,0.014045,-0.01752,0.023461,-0.040909,0.12147
"SM d36:1",-0.092108,-0.012881,0.048978,0.0022995,-0.025945,0.034249,-0.059471,0.038192
"SM d36:2",-0.090363,0.009484,0.055044,-0.030234,0.015192,0.033095,-0.064583,0.025797
"SM d37:1 Isomer B",-0.086019,0.026152,0.039164,-0.019252,0.0032162,-0.025686,-0.072004,0.032974
"SM d38:0 Isomer A",-0.086023,0.038457,0.032249,-0.0095138,-0.012667,0.027824,-0.073536,0.076416
"SM d38:0 Isomer B",-0.049075,-0.0033165,-0.019336,-0.0055648,-0.066665,0.01946,-0.053635,0.1165
"SM d38:1",-0.091363,0.037865,0.028217,-0.02439,-0.0035166,0.032967,-0.084151,0.058615
"SM d38:2",-0.07686,0.015959,0.052506,0.0014763,-0.02306,0.0022249,-0.047663,0.027525
"SM d38:3",-0.057343,0.026146,0.034544,0.014194,-0.031789,0.016742,-0.04891,0.012964
"SM d39:1",-0.063693,0.036593,0.012938,-0.018861,-0.012875,0.020522,-0.071881,0.049625
"SM d39:2 Isomer B",-0.078132,0.020125,0.014069,-0.0043384,0.022286,-0.030094,-0.044267,0.0062532
"SM d40:0 Isomer A",-0.077429,0.032845,0.052358,-0.051224,-0.020099,0.069353,-0.077099,0.024964
"SM d40:0 Isomer B",-0.028487,-0.0017096,0.00062034,-0.0078797,-0.073642,0.044727,-0.062268,0.076061
"SM d40:1",-0.083252,0.032965,0.050975,-0.054514,-0.017499,0.066929,-0.081524,0.033202
"SM d40:1 Isomer B",-0.052081,-0.0086067,0.025573,0.0012233,-0.067614,0.033354,-0.041768,0.011813
"SM d40:2 Isomer B",-0.090111,0.0575,0.051762,-0.049338,0.01734,0.040219,-0.073804,0.014022
"SM d40:4",-0.050111,0.0042277,0.025884,0.019586,-0.04383,0.024497,-0.048363,0.0582
"SM d41:0",-0.063036,0.020415,0.036681,0.014293,-0.043304,0.048169,-0.065639,0.01252
"SM d41:1",-0.065707,0.027458,0.03885,0.0056297,-0.038349,0.039899,-0.067759,0.035817
"SM d41:2 Isomer A",-0.028633,-0.021971,0.00010791,0.0030906,-0.042974,0.036122,0.00946,-0.0092869
"SM d41:2 Isomer B",-0.088045,0.051099,0.046214,-0.021631,-0.010878,0.038054,-0.070477,0.018973
"SM d42:0",-0.054823,0.030551,0.064878,-0.037905,-0.032065,0.06194,-0.040549,0.0037403
"SM d42:1",-0.023369,0.0044546,0.039695,-0.00095314,-0.069114,0.03398,-0.030292,0.0043301
"SM d42:2 Isomer B",-0.045768,0.016997,0.036501,0.025716,-0.080836,0.026251,-0.025402,-0.0070138
"SM d42:3",-0.10284,0.037784,0.073382,-0.024565,-0.000081296,0.019083,-0.046211,0.013436
"SM d43:1",-0.026379,0.035142,0.041808,0.0047855,-0.056982,0.034201,-0.036518,0.016281
"SM d43:1 Isomer B",-0.054667,0.021637,0.060376,0.006889,-0.062044,0.041944,-0.040051,0.0061579
"SM d44:1",-0.055753,0.029719,0.033691,-0.001509,-0.077813,0.061916,-0.026537,0.0023754
"SM d44:2",-0.0016609,-0.01963,0.0046918,0.048898,-0.089688,0.015409,0.0057412,-0.045914
"SM d44:2 isomer A",-0.050082,0.053821,0.053942,-0.015261,-0.05437,0.050928,-0.035047,-0.014486
"SM d44:3",-0.04544,-0.0094468,0.016798,0.047315,-0.079389,0.031523,0.011572,0.033802
"SPB 25:0;2O",0.054865,-0.092781,-0.036877,-0.02263,-0.033034,-0.14647,0.054506,-0.053093
"SPB 26:0;2O",0.075992,-0.06907,0.0083386,0.018671,-0.018577,-0.022504,0.07643,-0.029318
"TG 10:0_12:0_18:2",-0.089117,0.04015,-0.026549,0.06994,-0.063326,-0.0076629,0.014811,0.042804
"TG 14:0_16:0_17:1",0.096163,-0.028544,-0.087722,0.05094,0.014367,-0.043619,0.019828,-0.032903
"TG 16:0_18:1_20:0",-0.11759,0.085108,-0.096394,0.020032,0.024374,0.040557,-0.053695,-0.025895
"TG 22:0",0.10752,-0.078235,-0.070072,0.092165,0.00077456,-0.052034,0.016289,-0.070137
"TG 28:0",0.071863,-0.035067,-0.0006155,0.1201,-0.040577,-0.012787,-0.023522,-0.087096
"TG 34:0",0.15022,-0.11008,-0.036571,0.067107,0.02869,-0.059356,-0.003352,-0.072206
"TG 36:0",0.15296,-0.090465,-0.080692,0.065663,0.026025,-0.044919,0.041663,-0.080163
"TG 38:0",0.15172,-0.074116,-0.11409,0.063312,0.045217,-0.046633,0.016492,-0.047643
"TG 40:0",0.17036,-0.022656,-0.12367,0.041205,0.064235,-0.047039,0.0061233,-0.062229
"TG 40:1",0.0075369,0.0019167,-0.067525,0.029556,-0.092349,0.09339,-0.061246,0.035389
"TG 42:0",0.07693,0.052994,-0.13365,0.013736,-0.02391,-0.0068962,0.0085537,0.045315
"TG 42:1",0.15393,-0.004458,-0.12418,0.040008,0.083229,-0.025795,0.0020852,-0.050329
"TG 42:2",0.077025,0.0052566,-0.083954,0.043965,0.031786,-0.0054194,-0.0096107,-0.021285
"TG 43:0",0.10508,-0.025153,-0.067048,0.043216,0.012341,-0.036066,-0.0047925,-0.025633
"TG 44:0",0.08607,0.071535,-0.15422,0.0043656,0.041192,-0.0133,-0.021535,0.041313
"TG 44:1",0.010519,0.099104,-0.13422,0.010236,-0.079155,-0.0038044,0.030564,0.058789
"TG 44:2",0.10666,-0.0094075,-0.090336,0.027821,0.037914,-0.031478,0.0018679,0.028942
"TG 45:0",0.056828,-0.0008602,-0.085754,0.060845,-0.024225,-0.042243,-0.0005895,-0.02241
"TG 45:1",0.058081,0.041566,-0.091991,0.026975,-0.067491,-0.029656,0.068473,-0.011717
"TG 46:0",0.12873,0.036162,-0.15671,0.0089957,0.042568,0.03338,-0.057569,0.014206
"TG 46:1",0.10885,0.078928,-0.17314,0.014522,0.083404,0.016687,-0.02442,-0.0041881
"TG 46:2",0.094257,0.019078,-0.078716,0.057144,0.052181,-0.020045,0.014211,0.017247
"TG 47:0|TG 14:0_16:0_17:0",0.088443,-0.031009,-0.085637,0.042265,0.0075947,-0.029808,-0.018476,0.0026695
"TG 47:2",0.081544,-0.046623,-0.039822,0.071427,-0.018327,-0.020531,0.020425,-0.058053
"TG 47:3 Isomer B",0.022329,-0.074836,-0.038268,0.066157,-0.036777,-0.024634,0.050149,-0.021706
"TG 48:0",0.059443,0.059175,-0.16905,0.018719,0.053689,0.058942,-0.090508,0.041765
"TG 48:1",0.057937,0.086027,-0.17887,0.023145,0.010043,0.062388,-0.047412,0.044746
"TG 48:2",0.045658,0.09067,-0.16553,0.039595,0.048225,0.016728,-0.032977,0.051298
"TG 48:3",0.059399,0.079674,-0.13154,0.028528,0.037409,-0.017129,0.0036669,0.080988
"TG 49:0",0.089638,-0.012175,-0.11449,0.02196,0.043008,-0.00265,-0.037188,0.012943
"TG 49:1",0.058202,0.0053253,-0.14039,0.061278,0.0026967,-0.01125,-0.025723,0.010506
"TG 49:2",0.029445,-0.0066396,-0.10557,0.1019,0.022029,-0.048399,-0.0095191,0.02203
"TG 49:3",0.064238,-0.024133,-0.061729,0.082934,-0.0039187,-0.029911,-0.029045,0.035901
"TG 50:0",0.031473,0.052075,-0.13876,-0.0086973,0.073968,0.058278,-0.10501,0.019864
"TG 50:1",-0.078729,0.095662,-0.13968,0.033138,0.0023586,0.081308,-0.07778,0.071897
"TG 50:2",-0.076427,0.092166,-0.13192,0.060687,-0.0076273,0.051061,-0.050954,0.084734
"TG 50:3 Isomer A",-0.073254,0.097716,-0.12279,0.056915,0.025587,-0.0087432,-0.04166,0.11953
"TG 50:4",-0.030342,0.086637,-0.1156,0.040659,0.01431,-0.066696,-0.017052,0.135
"TG 51:0",0.088095,-0.024999,-0.085361,0.010704,0.034119,-0.00011223,-0.05395,0.011963
"TG 51:1 Isomer B",0.02491,0.048674,-0.14716,0.039726,0.028576,0.039466,-0.060988,0.023121
"TG 51:2 Isomer A",-0.023914,0.056365,-0.13784,0.067063,-0.0050628,0.025799,-0.05652,0.047983
"TG 51:3",-0.038235,0.052422,-0.10761,0.086678,0.011323,-0.037573,-0.042226,0.10359
"TG 51:4",-0.01352,0.028117,-0.068974,0.085569,-0.0044667,-0.08037,-0.0079856,0.13991
"TG 52:0",0.081658,-0.03043,-0.09453,0.018641,0.090146,-0.020118,-0.084887,-0.016393
"TG 52:1",-0.074374,0.078627,-0.12445,0.00056123,0.058737,0.065891,-0.091787,0.012781
"TG 52:2",-0.14525,0.097642,-0.091203,0.052375,-0.027513,0.0643,-0.049184,0.060706
"TG 52:3",-0.15091,0.072161,-0.071987,0.076624,0.00030437,-0.016218,-0.018977,0.1278
"TG 52:4",-0.13949,0.064156,-0.06456,0.082042,0.012501,-0.068145,-0.011189,0.16152
"TG 52:4;O2|TG 16:0_18:1_18:3;O2",-0.11553,0.05015,-0.067272,0.10291,-0.15149,0.095219,-0.024823,0.10559
"TG 52:5",-0.11054,0.039364,-0.051196,0.071041,0.00014738,-0.074495,0.024705,0.13704
"TG 53:2",-0.066498,0.074747,-0.11989,0.049164,-0.0021178,0.04151,-0.046003,0.028646
"TG 53:3",-0.070034,0.059788,-0.10948,0.060443,0.012064,-0.019781,-0.03635,0.049663
"TG 53:4",-0.097601,0.048049,-0.074837,0.083797,0.010519,-0.046535,0.01378,0.07985
"TG 54:0",0.089857,-0.080196,-0.072125,0.077439,0.068319,-0.058277,-0.000061515,-0.069415
"TG 54:1",-0.032365,0.0088798,-0.074439,0.024029,0.076353,0.02817,-0.095666,-0.037057
"TG 54:2",-0.13967,0.090888,-0.098346,0.020175,0.025031,0.046406,-0.052653,-0.041718
"TG 54:3",-0.15721,0.097478,-0.079162,0.043268,0.01041,-0.0087281,-0.0050719,-0.050827
"TG 54:4",-0.16436,0.070209,-0.053266,0.05685,0.014518,-0.057684,0.012398,0.022015
"TG 54:5 Isomer A",-0.15207,0.053705,-0.043322,0.064513,0.012503,-0.06891,0.016851,0.057987
"TG 54:6 Isomer A",-0.099173,0.019463,-0.026863,0.081665,-0.024182,-0.080142,0.036542,0.078183
"TG 54:6 Isomer B",-0.061117,0.044519,-0.049206,-0.0018089,0.045251,-0.081303,0.008865,0.14396
"TG 54:7 Isomer A",-0.046422,0.0040387,-0.003066,0.05753,-0.041075,-0.050336,0.052338,0.074347
"TG 55:3",-0.010181,0.014354,-0.087349,0.082515,0.0030631,-0.018702,-0.0040872,-0.041383
"TG 55:4",-0.033536,-0.0030441,-0.069712,0.041947,-0.016223,-0.036133,0.025726,0.0099725
"TG 56:1",-0.011556,-0.050705,-0.053411,0.083669,0.016095,0.013877,0.017473,-0.095012
"TG 56:2 Isomer B",-0.056795,0.0071287,-0.086158,0.074841,-0.0068647,0.052397,0.0068918,-0.099159
"TG 56:3",-0.13846,0.066225,-0.093073,0.050187,-0.017106,0.021557,-0.0063498,-0.083042
"TG 56:4",-0.11748,0.059365,-0.06907,0.045977,0.0053756,-0.038042,-0.0037681,0.020895
"TG 56:6",-0.091126,0.065002,-0.031519,-0.0092382,0.089466,-0.084622,-0.019862,0.1149
"TG 56:7 Isomer A",-0.10214,0.06481,-0.039246,-0.0034652,0.078437,-0.094144,0.010497,0.12877
"TG 56:7 Isomer B",-0.05551,0.076834,-0.059287,0.0031291,0.078924,-0.10778,0.010002,0.12323
"TG 56:8 Isomer A",-0.050211,0.045168,-0.0155,0.0085755,0.05412,-0.16131,0.06834,0.15558
"TG 58:2",-0.037932,-0.029672,-0.094945,0.066289,-0.034286,0.030304,0.058972,-0.12934
"TG 58:3",-0.016922,-0.026179,-0.068526,0.063288,-0.036817,0.020597,0.029761,-0.058052
"TG 58:4",0.02512,0.0064592,-0.042154,0.079495,-0.054803,-0.0082538,0.028307,0.011793
"TG 58:8",-0.069989,0.071976,-0.024043,-0.0090594,0.085018,-0.12859,0.038337,0.10804
"TG 58:9",-0.070274,0.086756,-0.045289,0.0053844,0.053095,-0.10503,0.025763,0.060169
"TG 60:1",0.016071,-0.059763,-0.021863,0.060496,-0.028909,0.027881,0.057485,-0.091078
"TG 60:2",0.0069433,-0.058129,-0.064567,0.052101,-0.032392,0.019704,0.0645,-0.13082
"TG 60:3",0.035776,-0.030726,-0.039712,0.075539,-0.033201,0.010416,0.049738,-0.093318
"TG 64:2",-0.0090789,-0.047031,-0.087724,0.047435,-0.050066,0.025239,0.082716,-0.11493
"TG 64:3",0.023811,-0.062998,-0.019662,0.066667,-0.063995,-0.019029,0.044267,-0.021139
"trihydroxyoctadec-15-enoic acid",-0.015308,0.020151,0.0089463,0.0526,-0.18909,0.050179,0.036298,0.019374
