"Module","HubLipid","Rank","kME"
"black","FA 20:3 (homo-gamma-linolenic acid)",1,0.933734465639108
"black","FA 20:4 (arachidonic acid)",2,0.931883149010377
"black","5-HETE",3,0.923389103215749
"black","13-HODE",4,0.912277624154
"black","FA 18:2 (linoleic acid)",5,0.902937342458248
"black","FA 22:4",6,0.888721855087893
"black","4-HDoHE",7,0.877227122458655
"black","8,15-DiHETE",8,0.834021421287452
"black","FA 22:6 (docosahexaenoic acid)",9,0.821895173713827
"black","FA 20:2 (eicosadienoic acid)",10,0.744417503923066
"darkgreen","FA 16:1 (palmitoleic acid)",1,0.814001852812078
"darkgreen","FA 15:1",2,0.785495428831008
"darkgreen","FA 14:0 (myristic acid)",3,0.782694698563517
"darkgreen","FA 14:1 (physeteric acid)",4,0.765083301963396
"darkgreen","FA 15:0 (pentadecylic acid)",5,0.676940645919395
"darkgreen","4-methyl-2-oxopentanoic acid",6,0.591478094384897
"darkgreen","FA 19:1",7,0.579229861007073
"steelblue","acylcarnitine 18:1",1,0.923070501762603
"steelblue","acylcarnitine 20:1",2,0.855400784992986
"steelblue","acylcarnitine 18:0 Isomer A",3,0.806890016477629
"steelblue","acylcarnitine 16:0",4,0.769902654541648
"steelblue","acylcarnitine 18:2 Isomer A",5,0.735622760896765
"darkmagenta","TG 10:0_12:0_18:2",1,0.918555376395011
"darkmagenta","CE 18:2",2,0.862051888828483
"darkmagenta","CE 18:1",3,0.849879879766657
"darkmagenta","CE_13-HODE",4,0.797246803293414
"darkmagenta","Cer-NP t42:0",5,0.711730515624092
"violet","Cer d42:0",1,0.911152183179874
"violet","Cer-NDS d40:0",2,0.896282349518922
"violet","Cer d40:0",3,0.895613263660375
"violet","Cer 18:0;2O/24:0",4,0.870130735804454
"violet","Cer-NDS d41:0",5,0.642727582792151
"darkorange","Cer d42:3",1,0.882958753760099
"darkorange","Cer d42:2 Isomer A",2,0.876248646494622
"darkorange","Cer 18:0;2O/24:1",3,0.824832168339005
"darkorange","Cer 18:1;2O/24:2",4,0.771950375005036
"darkorange","Cer d44:1",5,0.742629480670089
"darkorange","Cer 18:2;2O/24:1",6,0.740023668252568
"blue","TG 50:3 Isomer A",1,0.92493720525404
"blue","TG 52:3",2,0.919352611234321
"blue","TG 53:3",3,0.917021903097931
"blue","TG 50:2",4,0.888398521422766
"blue","TG 53:4",5,0.877547547473883
"blue","TG 52:4",6,0.865465546973248
"blue","Cer 58:11;2O",7,0.863336705170264
"blue","TG 51:3",8,0.861007761149119
"blue","TG 53:2",9,0.843648280444168
"blue","TG 52:2",10,0.839298966642974
"green","Cer d34:2",1,0.889416790638164
"green","Cer d34:2 Isomer B",2,0.866558226847841
"green","PEtOH 16:1_16:1",3,0.838116322897897
"green","Cer d34:1",4,0.815713687216908
"green","Cer d32:1",5,0.810230741741787
"green","Cer d33:1",6,0.786790405623231
"green","LPE O-16:1",7,0.786443002354677
"green","LPE O-18:1",8,0.768151410186242
"green","PEtOH 16:0_16:1",9,0.730613669905046
"green","LPE 16:0",10,0.696050856627846
"tan","Cer d38:1",1,0.892579816735806
"tan","Cer d36:1",2,0.844736400813331
"tan","Cer d40:1",3,0.82391751108761
"tan","Cer d42:1",4,0.778826069503528
"tan","Cer 18:2;2O/22:0",5,0.769012304522699
"tan","Cer d40:2",6,0.759007577441817
"tan","Cer 18:2;2O/23:0",7,0.732697727966914
"tan","Cer d41:2",8,0.686151522986016
"tan","Cer d41:1",9,0.643250061404985
"tan","Cer d43:1",10,0.61136587470888
"pink","FA 22:0 (behenic acid)",1,0.848759193832549
"pink","Cer 20:0;2O/25:0",2,0.807388138951384
"pink","FA 23:0",3,0.773636991315352
"pink","Cer 22:0;2O/26:0",4,0.768921058794912
"pink","FA 28:0 (montanic acid)",5,0.743589652101785
"pink","FA 30:0",6,0.699166679462301
"pink","Cer d46:1",7,0.697307906596658
"pink","Cer 20:0;3O/24:0;(2OH)",8,0.689359925556468
"pink","Cer d44:2",9,0.649589310830089
"pink","Cer-NDS d43:0",10,0.64832077189665
"lightcyan","TG 54:2",1,0.952606685570274
"lightcyan","TG 16:0_18:1_20:0",2,0.94715128631121
"lightcyan","TG 54:3",3,0.912527223589929
"lightcyan","TG 56:3",4,0.911012357138761
"lightcyan","TG 56:4",5,0.885999164039181
"lightcyan","TG 54:4",6,0.875281600627255
"lightcyan","TG 52:1",7,0.808276470864229
"lightcyan","TG 54:1",8,0.631891318060969
"lightcyan","DG 18:1_18:2",9,0.58723402272504
"cyan","LPC 16:0",1,0.916554043006742
"cyan","LPC 17:0",2,0.884313857043525
"cyan","LPC 18:0",3,0.882977962641289
"cyan","LPC 18:1",4,0.845712682016513
"cyan","LPC 15:0",5,0.818754272139352
"cyan","LPC 16:1",6,0.752208752049924
"cyan","LPC 20:1",7,0.646667654761124
"cyan","LPC 14:0",8,0.614438479840426
"cyan","LPC O-22:0",9,0.603207763547643
"cyan","LPC O-24:1",10,0.498239070622928
"paleturquoise","LPC 20:4",1,0.931338755743081
"paleturquoise","LPC 22:6",2,0.902013042619423
"paleturquoise","LPC 20:5",3,0.856303790774541
"paleturquoise","LPC 20:3",4,0.849582134077179
"paleturquoise","LPC 18:2",5,0.760809242382099
"lightyellow","LPC O-16:0",1,0.931112039584478
"lightyellow","LPC P-18:0 or LPC O-18:1",2,0.880036373049336
"lightyellow","LPC 20:2",3,0.862500050280931
"lightyellow","LPC p-18:0",4,0.852678190512538
"lightyellow","LPS 18:0",5,0.76572387534903
"lightyellow","LPC P-16:0 or LPC O-16:1",6,0.748488405274276
"lightyellow","LPC 20:0",7,0.721855250814485
"lightyellow","LPI 18:0",8,0.720992855582808
"orange","PC O-32:0",1,0.880634358741974
"orange","PC O-33:0",2,0.807153346731106
"orange","LPC 32:0",3,0.78327073787853
"orange","PC O-34:0",4,0.754723472411446
"orange","PC O-30:0",5,0.718263757959842
"orange","SM 32:0;3O",6,0.675916503102668
"orange","PC 32:0",7,0.675337607011972
"skyblue","LPE 20:4",1,0.942199060129458
"skyblue","LPE 22:6",2,0.887524607393795
"skyblue","LPE 18:2",3,0.823594250606473
"skyblue","LPE 18:1",4,0.768819999050461
"skyblue","PS 16:0_22:4",5,0.676811283513638
"skyblue","PS 18:0_22:6",6,0.520211367810105
"yellow","PE P-36:4 or PE O-36:5",1,0.922997344649337
"yellow","PE P-38:5 or PE O-38:6",2,0.906200190844232
"yellow","PE 36:4",3,0.892646602564271
"yellow","PE 38:4",4,0.848799722169744
"yellow","PE-O 18:1_22:6",5,0.816574325442496
"yellow","PE P-40:4 or PE O-40:5 Isomer A",6,0.805707708085925
"yellow","PE P-36:2 or PE O-36:3",7,0.803964326998205
"yellow","Phosphatidylethanolamine alkenyl 16:0-20:4",8,0.80370826744126
"yellow","PE 38:6",9,0.774444640722805
"yellow","PE O-16:1_22:6",10,0.771762850237343
"greenyellow","PC P-36:3 or PC O-36:4",1,0.920984247505125
"greenyellow","SM 38:4;3O",2,0.912317244385346
"greenyellow","PC P-38:3 or PC O-38:4 Isomer B",3,0.890040262707701
"greenyellow","PC P-38:4 or PC O-38:5 Isomer A",4,0.878929178539804
"greenyellow","PC P-40:4 or PC O-40:5",5,0.843702270577845
"greenyellow","PC P-42:4 or PC O-42:5",6,0.817814792862814
"greenyellow","SM 42:5;3O",7,0.812408640108184
"greenyellow","PC P-36:4 or PC O-36:5",8,0.787285383098791
"greenyellow","PC P-40:5 or PC O-40:6",9,0.717472204070322
"greenyellow","PC P-44:4 or PC O-44:5",10,0.701292653908301
"salmon","PC 16:0_14:0",1,0.930729540184028
"salmon","PC 32:1",2,0.914179174222855
"salmon","PC 33:1",3,0.887329706833518
"salmon","PC 31:1",4,0.881101532385025
"salmon","PC 29:0",5,0.86347083483372
"salmon","PC 32:2",6,0.844088954044376
"salmon","PC 14:0_16:1",7,0.841167763415091
"salmon","PC 28:0",8,0.780109801111494
"salmon","PC 34:3 Isomer B",9,0.686728497075566
"salmon","PI 16:0_16:0",10,0.565005223305841
"turquoise","PC 38:5 Isomer A",1,0.929393052456849
"turquoise","PC 38:5 Isomer B",2,0.864588201737065
"turquoise","PC 37:4",3,0.855782868134731
"turquoise","PC 38:4 Isomer C",4,0.850202940625828
"turquoise","PC 38:6 Isomer A",5,0.846739578658598
"turquoise","PC 36:4 Isomer C",6,0.846728446910349
"turquoise","SM 12:1;2O/32:8",7,0.770668399331575
"turquoise","PI 38:4",8,0.769742058804932
"turquoise","PC 36:5 Isomer D",9,0.745103841611709
"turquoise","PC 40:6 Isomer B",10,0.736702381542128
"darkolivegreen","PC 16:0/9:0 CHO",1,0.908393653227299
"darkolivegreen","PC 16:0_5-oxovaleryl",2,0.842258978217372
"darkolivegreen","PC 16:0_glutaric acid",3,0.822857371073437
"darkolivegreen","PC 16:0_azealic acid (PCPAz-PC)",4,0.80942412060285
"darkolivegreen","PC 30:6",5,0.661214662653825
"white","PC 38:1",1,0.884278784975424
"white","PC 36:1",2,0.808709764610423
"white","PC 18:0_18:1",3,0.796808070234505
"white","PC 40:1",4,0.782209920966303
"white","PC 34:0",5,0.735489547813776
"white","PC 36:0",6,0.694766291102647
"saddlebrown","PC 35:1",1,0.876256379410835
"saddlebrown","PC 33:0",2,0.757742540860823
"saddlebrown","PC O-36:1",3,0.719292437318403
"saddlebrown","PC P-36:1 or PC O-36:2 A",4,0.693682355415825
"saddlebrown","PC 31:0",5,0.573362943449283
"darkgrey","PC P-34:2 or PC O-34:3",1,0.926626015948739
"darkgrey","PC P-36:2 or PC O-36:3",2,0.915752345161206
"darkgrey","PC P-34:1 or PC O-34:2",3,0.89722027179289
"darkgrey","PC 36:2",4,0.846123089251528
"darkgrey","PC P-36:1 or PC O-36:2 B",5,0.801753336566428
"darkgrey","PC O-32:1",6,0.800911527022334
"darkgrey","PC 36:4 Isomer A",7,0.681427915176485
"brown","SM d44:1",1,0.865409130055835
"brown","SM d43:1 Isomer B",2,0.854071303761466
"brown","SM d42:0",3,0.818633316512247
"brown","SM d40:0 Isomer A",4,0.814168823496477
"brown","SM d42:1",5,0.803680324387233
"brown","SM d40:1",6,0.800885170610233
"brown","SM 42:1;3O",7,0.800867930748817
"brown","PC O-37:0",8,0.798624484220711
"brown","SM d44:2 isomer A",9,0.779123022931116
"brown","SM d34:0",10,0.746271249498925
"purple","PE 34:1",1,0.929006371228511
"purple","PE 36:2",2,0.924270552959024
"purple","PE 34:2",3,0.914363888996875
"purple","PE 36:1",4,0.913055792962062
"purple","PE O-16:1_18:1",5,0.905881063282834
"purple","PE P-36:1 or PE O-36:2",6,0.90263077712198
"purple","PE 36:3",7,0.863265230304768
"purple","Phosphatidylethanolamine alkenyl 18:0-18:2",8,0.847541010196119
"purple","PE 16:1_18:1",9,0.817388010815651
"purple","PE P-34:1 or PE O-34:2",10,0.79530943923881
"darkred","PEtOH 16:1_18:1",1,0.867563098456098
"darkred","PEtOH 16:0_18:1",2,0.866308226154693
"darkred","PEtOH 18:1_20:4",3,0.772720877854449
"darkred","PEtOH 16:0_16:0",4,0.690598698688207
"darkred","PEtOH 18:1_18:1",5,0.680410813856874
"darkred","PEtOH 36:1",6,0.679811097362989
"darkred","PEtOH 16:0_20:4",7,0.421904717455234
"red","SM d41:2 Isomer B",1,0.869578176173594
"red","SM d38:0 Isomer A",2,0.86161754425986
"red","SM d39:1",3,0.858398660117334
"red","SM d38:1",4,0.8459838881862
"red","SM d41:1",5,0.818276279128291
"red","SM d41:0",6,0.810471949849857
"red","SM 18:0;2O/21:0",7,0.809980310592491
"red","SM d37:1 Isomer B",8,0.749270853339771
"red","SM d31:1",9,0.73216747153408
"red","SM d40:4",10,0.697111109605506
"lightgreen","SM d36:1",1,0.856811730080782
"lightgreen","SM d36:2",2,0.849553922621016
"lightgreen","SM d36:0 Isomer A",3,0.836962935782083
"lightgreen","SM d35:2",4,0.80567919894692
"lightgreen","SM d35:1",5,0.776930833465219
"lightgreen","SM d38:2",6,0.665458101148198
"lightgreen","SM d33:1",7,0.652357537217709
"lightgreen","SM d38:3",8,0.548327137810577
"midnightblue","TG 43:0",1,0.864526341774495
"midnightblue","TG 14:0_16:0_17:1",2,0.836139067257422
"midnightblue","TG 45:0",3,0.820445519536483
"midnightblue","TG 47:0|TG 14:0_16:0_17:0",4,0.792159138983017
"midnightblue","TG 47:2",5,0.698747374045247
"midnightblue","TG 44:2",6,0.664899632690404
"midnightblue","TG 46:2",7,0.62224412437242
"midnightblue","TG 49:3",8,0.565374976391072
"midnightblue","TG 47:3 Isomer B",9,0.527992772332776
"royalblue","TG 38:0",1,0.933338265756698
"royalblue","TG 40:0",2,0.894238095919649
"royalblue","TG 36:0",3,0.868798852733528
"royalblue","TG 42:1",4,0.862396552225468
"royalblue","TG 22:0",5,0.813819123992725
"royalblue","TG 34:0",6,0.802959720891917
"royalblue","TG 54:0",7,0.727582608166801
"royalblue","TG 42:2",8,0.638334805534995
"magenta","TG 46:0",1,0.941766700371796
"magenta","TG 48:0",2,0.931361727540556
"magenta","TG 46:1",3,0.915290659452574
"magenta","TG 48:1",4,0.901010003573165
"magenta","TG 51:1 Isomer B",5,0.897148156597592
"magenta","TG 48:2",6,0.872317011048697
"magenta","TG 44:0",7,0.817369631374068
"magenta","TG 49:1",8,0.814742634319678
"magenta","TG 49:0",9,0.814066171241763
"magenta","TG 48:3",10,0.806086650898333
"darkturquoise","TG 56:7 Isomer B",1,0.906188157904784
"darkturquoise","TG 56:7 Isomer A",2,0.905294954708708
"darkturquoise","TG 56:6",3,0.89245349019759
"darkturquoise","TG 58:8",4,0.892242043104256
"darkturquoise","TG 56:8 Isomer A",5,0.87604714962341
"darkturquoise","TG 58:9",6,0.857502725316018
"darkturquoise","TG 54:6 Isomer B",7,0.835364996731387
"grey60","TG 58:2",1,0.947657809451356
"grey60","TG 64:2",2,0.894937096578611
"grey60","TG 60:3",3,0.875513387473215
"grey60","TG 60:2",4,0.873155983459449
"grey60","TG 56:1",5,0.81294112716985
"grey60","TG 58:3",6,0.803005777439722
"grey60","TG 56:2 Isomer B",7,0.741231708565771
"grey60","TG 60:1",8,0.741216327451836
"grey60","TG 58:4",9,0.434815223223078
