"identifier","annotation","ion_species","InChiKey","mz","ret_time","ESI_mode"
"2.08_861.55","1,2-Dioleoyl-sn-glycero-3-phospho-(1'-myo-inositol) ","[M-H]-","LALGUHSIWLNTNW-UHFFFAOYSA-N","861.54729999999995","2.0840000000000001","ESI neg"
"0.32_295.23","13-HODE ","[M-H]-","HNICUWMFWZBIFP-KDFHGORWSA-N","295.22809999999998","0.32","ESI neg"
"0.68_345.24","16,16-dimethylprostaglandin A1 ","[M-H2O-H]-","CTQQHQGBBMYJPT-UHFFFAOYSA-N","345.24290000000002","0.68200000000000005","ESI neg"
"0.32_343.23","4-HDoHE ","[M-H]-","IFRKCNPQVIJFAQ-UHFFFAOYSA-N","343.22699999999998","0.316","ESI neg"
"0.19_129.06","4-methyl-2-oxopentanoic acid","[M-H]-","BKAJNAXTPSGJCU-UHFFFAOYSA-N","129.0607","0.19400000000000001","ESI neg"
"0.33_319.23","5-HETE ","[M-H]-","KGIJOOYOSFUGPC-UHFFFAOYSA-N","319.22739999999999","0.32800000000000001","ESI neg"
"0.28_335.22","8,15-DiHETE ","[M-H]-","NNPWRKSGORGTIM-HCCKYKKOSA-N","335.22300000000001","0.28000000000000003","ESI neg"
"0.23_288.22","acylcarnitine 08:0 ","[M]+","CXTATJFJDMJMIY-CYBMUJFWSA-N","288.21640000000002","0.23400000000000001","ESI pos"
"0.23_286.20","acylcarnitine 08:1 ","[M]+","YMIVWYONPRZBEJ-LXKVQUBZSA-N","286.20159999999998","0.23400000000000001","ESI pos"
"0.26_316.25","acylcarnitine 10:0 ","[M]+","LZOSYCMHQXPBFU-UHFFFAOYSA-N","316.24799999999999","0.26300000000000001","ESI pos"
"0.25_314.23","acylcarnitine 10:1 ","[M]+","GOOOCIIXFLVRAG-UHFFFAOYSA-N","314.23270000000002","0.248","ESI pos"
"0.23_342.26","acylcarnitine 12:1 ","[M]+",NA,"342.26369999999997","0.23100000000000001","ESI pos"
"0.37_370.30","acylcarnitine 14:1 ","[M]+",NA,"370.29520000000002","0.36899999999999999","ESI pos"
"0.70_400.34","acylcarnitine 16:0 ","[M]+","XOMRRQXKHMYMOC-OAQYLSRUSA-N","400.34249999999997","0.70399999999999996","ESI pos"
"1.04_428.37","acylcarnitine 18:0 Isomer A ","[M]+","FNPHNLNTJNMAEE-HSZRJFAPSA-N","428.37360000000001","1.0409999999999999","ESI pos"
"0.77_426.36","acylcarnitine 18:1 ","[M]+","HITOYGLMAFIRNI-YSESTWPTSA-N","426.35829999999999","0.76500000000000001","ESI pos"
"0.57_424.34","acylcarnitine 18:2 Isomer A ","[M]+","MJLXQSQYKZWZCB-DQFWFXSYSA-N","424.34199999999998","0.57499999999999996","ESI pos"
"1.09_454.39","acylcarnitine 20:1 ","[M]+","PVOQPLSKYNZHOT-SEYXRHQNSA-N","454.38839999999999","1.0880000000000001","ESI pos"
"2.07_862.63","C16 Lactosyl Ceramide (d18:1/16:0) ","[M+H]+","HLIJNIKSBCIDGO-UHFFFAOYSA-N","862.62639999999999","2.0659999999999998","ESI pos"
"4.07_1324.19_4.07_673.59_4.07_668.63","CE 18:1 ","[2M+Na]+_[M+Na]+_[M+NH4]+","RJECHNNFRHZQKU-RMUVNZEASA-N","1324.1874_673.5886_668.6335","4.0699999999999994","ESI pos"
"3.89_671.57_3.90_666.62","CE 18:2 ","[M+Na]+_[M+NH4]+","NAACPBBQTFFYQB-LJAITQKLSA-N","671.5735_666.6189","3.8955000000000002","ESI pos"
"3.16_687.57","CE_13-HODE","[M+Na]+","RZXYPSUQZUUHPD-UHFFFAOYSA-N","687.56730000000005","3.1619999999999999","ESI pos"
"3.35_652.66","Cer 18:0;2O/24:0 ","[M+H]+","BPLYVSYSBPLDOA-UHFFFAOYSA-N","652.65959999999995","3.3490000000000002","ESI pos"
"3.11_648.62","Cer 18:0;2O/24:1 ","[M-H]-","WLDYKNUYRLBSJM-UHFFFAOYSA-N","648.62199999999996","3.1110000000000002","ESI neg"
"1.98_572.52","Cer 18:0;3O/16:0;(2OH) ","[M+H]+","RHIXBFQKTNYVCX-UHFFFAOYSA-N","572.52359999999999","1.9750000000000001","ESI pos"
"3.08_684.65","Cer 18:0;3O/24:0;(2OH) ","[M+H]+","ZFUXWVVVWGWGPQ-UHFFFAOYSA-N","684.65089999999998","3.0790000000000002","ESI pos"
"3.28_692.65","Cer 18:1;2O_26:0;(2OH) ","[M-H]-","GPDLYLZQDLYUMP-BSKJHSHCSA-N","692.65480000000002","3.282","ESI neg"
"2.84_646.61","Cer 18:1;2O/24:2 ","[M+H]+","VMOXUICDIMVPPG-UHFFFAOYSA-N","646.61279999999999","2.8370000000000002","ESI pos"
"3.48_678.68","Cer 18:1;2O/26:0 ","[M+H]+","CJROVRTUSFQVMR-UHFFFAOYSA-N","678.67579999999998","3.4809999999999999","ESI pos"
"2.83_620.60","Cer 18:2;2O/22:0 ","[M+H]+","AWTNSRHUZXWBCO-UHFFFAOYSA-N","620.59799999999996","2.8340000000000001","ESI pos"
"2.94_634.61","Cer 18:2;2O/23:0 ","[M+H]+","YVMFSKMDQVDKIS-UHFFFAOYSA-N","634.61379999999997","2.9350000000000001","ESI pos"
"2.89_690.60_2.90_644.60","Cer 18:2;2O/24:1 ","[M+FA-H]-_[M-H]-","RYZWCKUTHDRXFD-UHFFFAOYSA-N","690.6036_644.5987","2.899","ESI neg"
"3.55_680.69","Cer 20:0;2O/24:0 ","[M+H]+","OEROUXQFUNUVIP-UHFFFAOYSA-N","680.69299999999998","3.5459999999999998","ESI pos"
"3.64_694.71","Cer 20:0;2O/25:0 ","[M+H]+","ZBKDQSOWRSEUMN-UHFFFAOYSA-N","694.70749999999998","3.637","ESI pos"
"3.72_708.72","Cer 20:0;2O/26:0 ","[M+H]+","VPEAVPNLCFWDRE-UHFFFAOYSA-N","708.72140000000002","3.7240000000000002","ESI pos"
"3.30_712.68","Cer 20:0;3O/24:0;(2OH) ","[M+H]+","INIZVBFJIBJZHK-UHFFFAOYSA-N","712.68129999999996","3.2959999999999998","ESI pos"
"3.89_736.75","Cer 22:0;2O/26:0 ","[M+H]+","RWONAHGWHDKVBG-UHFFFAOYSA-N","736.75350000000003","3.8860000000000001","ESI pos"
"3.98_854.73","Cer 58:11;2O ","[M+H]+","GXTRSPPHWHQFMZ-NPNMLZSOSA-N","854.73019999999997","3.9750000000000001","ESI pos"
"2.14_544.45_2.15_568.49_2.14_508.48","Cer d32:1 ","[M+Cl]-_[M+Hac-H]-_[M-H]-","PIVKMDKERPTVGC-UHFFFAOYSA-N","544.4498_568.493_508.4754","2.1430000000000002","ESI neg"
"2.28_558.46","Cer d33:1 ","[M+Cl]-","QBFXCLDNTKBAPQ-STSAHMJASA-N","558.46469999999999","2.2759999999999998","ESI neg"
"2.48_574.50","Cer d34:0 ","[M+Cl]-","GCGTXOVNNFGTPQ-JHOUSYSJSA-N","574.49659999999994","2.4849999999999999","ESI neg"
"2.40_572.48_2.41_582.51_2.40_596.53","Cer d34:1 ","[M+Cl]- _[M+FA-H]-_[M+Hac-H]- ","YDNKGFDKKRUKPY-TURZORIXSA-N","572.481_582.5106_596.525","2.4043333333333332","ESI neg"
"2.18_570.47_2.18_594.51_2.18_534.49","Cer d34:2 ","[M+Cl]-_[M+Hac-H]-_[M-H]-","XXWRZIYYFPIQHE-UHFFFAOYSA-N","570.4653_594.5085_534.4859","2.1800000000000002","ESI neg"
"1.97_536.50","Cer d34:2 Isomer A ","[M+H]+","GMWIWVUTMCBDSP-UHFFFAOYSA-N","536.50390000000004","1.9650000000000001","ESI pos"
"2.11_536.50","Cer d34:2 Isomer B ","[M+H]+","BCZGPUAIZZZGTF-HSCORPAWSA-N","536.50300000000004","2.1139999999999999","ESI pos"
"2.66_600.51_2.66_624.56_2.66_564.54","Cer d36:1 ","[M+Cl]-_[M+Hac-H]-_[M-H]-","VODZWWMEJITOND-UHFFFAOYSA-N","600.5122_624.5569_564.5352","2.6586666666666665","ESI neg"
"2.43_562.52","Cer d36:2 ","[M-H]-","WNPWDGNHTKGEDS-UHFFFAOYSA-N","562.51559999999995","2.4319999999999999","ESI neg"
"2.90_628.54_2.90_652.59","Cer d38:1 ","[M+Cl]-_[M+Hac-H]-","XWBWIAOWSABHFI-NUKVNZTCSA-N","628.5438_652.5885","2.9000000000000004","ESI neg"
"2.95_608.60","Cer d39:1 ","[M+H]+","WYSRACVJQVNCRW-UHFFFAOYSA-N","608.59820000000002","2.9460000000000002","ESI pos"
"3.21_658.59","Cer d40:0 ","[M+Cl]-","SXPRAKSDHOEHIG-ZESVVUHVSA-N","658.59","3.2069999999999999","ESI neg"
"3.13_656.58_3.13_620.60","Cer d40:1 ","[M+Cl]-_[M-H]-","KEPQASGDXIEOIL-UHFFFAOYSA-N","656.5752_620.5972","3.1289999999999996","ESI neg"
"2.89_678.60_2.90_618.58","Cer d40:2 ","[M+Hac-H]-_[M-H]-","AWTNSRHUZXWBCO-UHFFFAOYSA-N","678.6038_618.5828","2.8955000000000002","ESI neg"
"3.24_670.59_3.24_680.62_3.24_694.63_3.24_634.61","Cer d41:1 ","[M+Cl]-_[M+FA-H]-_[M+Hac-H]-_[M-H]-","NAJHAHQNQCNWOP-UHFFFAOYSA-N","670.5903_680.619_694.6348_634.6133","3.2395","ESI neg"
"3.00_692.62","Cer d41:2 ","[M+Hac-H]-","KZTBXGOBTULOIO-SZHIUZGGSA-N","692.6182","2.996","ESI neg"
"3.41_686.62_3.41_710.67","Cer d42:0 ","[M+Cl]-_[M+Hac-H]-","BPLYVSYSBPLDOA-WVILEFPPSA-N","686.6215_710.6659","3.4125000000000001","ESI neg"
"3.35_684.61_3.34_708.65","Cer d42:1 ","[M+Cl]-_[M+Hac-H]-","ZJVVOYPTFQEGPH-AUTSUKAISA-N","684.6068_708.6506","3.3445","ESI neg"
"3.11_682.59_3.11_706.64_3.11_646.61","Cer d42:2 Isomer A ","[M+Cl]- _[M+Hac-H]- _[M-H]-","ZCUCZYYSYGKQQV-UHFFFAOYSA-N","682.5909_706.635_646.6138","3.1129999999999995","ESI neg"
"2.91_704.62","Cer d42:3 ","[M+Hac-H]-","KADBCXSPXAVXJL-UHFFFAOYSA-N","704.61879999999996","2.907","ESI neg"
"3.44_698.62_3.44_722.67","Cer d43:1 ","[M+Cl]-_[M+Hac-H]-","QHPYSHVSWAOLHS-PVNBSDFKSA-N","698.6221_722.6655","3.4430000000000001","ESI neg"
"3.28_662.64","Cer d43:2 ","[M+H]+","YWTUDCXNLITZPX-UHFFFAOYSA-N","662.64260000000002","3.28","ESI pos"
"3.35_712.63_3.54_736.68","Cer d44:1 ","[M+Cl]-_[M+Hac-H]-","CJROVRTUSFQVMR-GVOPMEMSSA-N","712.6326_736.6818","3.444","ESI neg"
"3.40_676.66","Cer d44:2 ","[M+H]+","IBJXLRPUPQTCQS-SJWJHEOESA-N","676.6576","3.3959999999999999","ESI pos"
"3.67_706.71","Cer d46:1 ","[M+H]+","VEMKTJHNOOUCRU-UHFFFAOYSA-N","706.70780000000002","3.665","ESI pos"
"3.58_704.69","Cer d46:2 ","[M+H]+","AXJZLCAIYPBXLK-DMFJBLMBSA-N","704.69010000000003","3.5790000000000002","ESI pos"
"3.03_610.61","Cer-NDS d39:0 ","[M+H]+","BIFMSTXKGBZSAW-UHFFFAOYSA-N","610.61300000000006","3.0259999999999998","ESI pos"
"3.14_624.63","Cer-NDS d40:0 ","[M+H]+","SXPRAKSDHOEHIG-UHFFFAOYSA-N","624.62890000000004","3.137","ESI pos"
"3.25_638.64","Cer-NDS d41:0 ","[M+H]+","FTSDYFFYZJTACJ-UHFFFAOYSA-N","638.64279999999997","3.2469999999999999","ESI pos"
"3.46_666.68","Cer-NDS d43:0 ","[M+H]+","DGTRPWXWXHWLIJ-UHFFFAOYSA-N","666.678","3.456","ESI pos"
"3.23_726.66","Cer-NP t42:0 ","[M+Hac-H]-","ZESJDNWGTANZCC-UHFFFAOYSA-N","726.6576","3.2290000000000001","ESI neg"
"1.99_369.35","Cholesterol ","[M+H-H2O]+","HVYWMOMLDIMFJA-DPAQBDIFSA-N","369.35079999999999","1.992","ESI pos"
"1.31_465.30","cholesterol 3-sulfate ","[M-H]-","BHYOQNUELFTYRT-UHFFFAOYSA-N","465.30399999999997","1.3120000000000001","ESI neg"
"1.23_339.33","cis-13-docosenoic acid ","[M+H]+","DPUOLQHDNGRHBS-UHFFFAOYSA-N","339.32659999999998","1.226","ESI pos"
"2.59_636.56","DG 18:1_18:2 ","[M+NH4]+","BLZVZPYMHLXLHG-UHFFFAOYSA-N","636.55740000000003","2.5880000000000001","ESI pos"
"2.78_612.55","DG 34:1 ","[M+NH4]+","YEJYLHKQOBOSCP-OZKTZCCCSA-N","612.55240000000003","2.778","ESI pos"
"1.77_340.36","docosanamide ","[M+H]+","ORAWFNKFUWGRJG-UHFFFAOYSA-N","340.35700000000003","1.768","ESI pos"
"0.68_227.20","FA 14:0 (myristic acid) ","[M-H]-","TUNFSRHWOTWDNC-UHFFFAOYSA-N","227.20140000000001","0.67500000000000004","ESI neg"
"0.49_225.19","FA 14:1 (physeteric acid) ","[M-H]-","AFGUVBVUFZMJMX-KTKRTIGZSA-N","225.18559999999999","0.49","ESI neg"
"0.84_241.22","FA 15:0 (pentadecylic acid) ","[M-H]-","WQEPLUUGTLDZJY-UHFFFAOYSA-N","241.21719999999999","0.84499999999999997","ESI neg"
"0.62_239.20","FA 15:1 ","[M-H]-","DJCQJZKZUCHHAL-VOTSOKGWSA-N","239.20150000000001","0.61699999999999999","ESI neg"
"0.77_253.22","FA 16:1 (palmitoleic acid) ","[M-H]-","SECPZKHBENQXJG-FPLPWBNLSA-N","253.21729999999999","0.77","ESI neg"
"1.24_269.25","FA 17:0 (margaric acid) ","[M-H]-","KEMQGTRYUADPNZ-UHFFFAOYSA-N","269.2482","1.236","ESI neg"
"1.13_281.25","FA 18:1 (oleic acid) ","[M-H]-","ZQPPMHVWECSIRJ-KTKRTIGZSA-N","281.24930000000001","1.1299999999999999","ESI neg"
"0.85_279.23","FA 18:2 (linoleic acid) ","[M-H]-","JBYXPOFIGCOSSB-XBLVEGMJSA-N","279.23289999999997","0.85","ESI neg"
"0.65_277.22","FA 18:3 (linolenic acid) ","[M-H]-","DTOSIQBPPRVQHS-PDBXOOCHSA-N","277.21699999999998","0.65","ESI neg"
"1.30_295.26","FA 19:1 ","[M-H]-","YOKHLRHWEXTWJR-ZHACJKMWSA-N","295.26369999999997","1.296","ESI neg"
"1.25_307.26","FA 20:2 (eicosadienoic acid) ","[M-H]-","XSXIVVZCUAHUJO-HZJYTTRNSA-N","307.26369999999997","1.248","ESI neg"
"0.98_305.25","FA 20:3 (homo-gamma-linolenic acid) ","[M-H]-","HOBAELRKJCKHQD-QNEBEIHSSA-N","305.24880000000002","0.97599999999999998","ESI neg"
"0.80_303.23","FA 20:4 (arachidonic acid) ","[M-H]-","YZXBAPSDXZZRGB-DOFZRALJSA-N","303.23289999999997","0.79700000000000004","ESI neg"
"0.61_301.22","FA 20:5 (eicosapentaenoic acid) ","[M-H]-","JAZBEHYOTPTENJ-JLNKQSITSA-N","301.21730000000002","0.60799999999999998","ESI neg"
"1.86_339.33","FA 22:0 (behenic acid) ","[M-H]-","UKMSUNONTOPOIO-UHFFFAOYSA-N","339.32679999999999","1.861","ESI neg"
"1.62_337.31","FA 22:1 (erucic acid) ","[M-H]-","DPUOLQHDNGRHBS-KTKRTIGZSA-N","337.3109","1.6220000000000001","ESI neg"
"1.46_335.30","FA 22:2 (docosadienoic acid) ","[M-H]-","HVGRZDASOHMCSK-AVQMFFATSA-N","335.29570000000001","1.4610000000000001","ESI neg"
"1.11_331.26","FA 22:4 ","[M-H]-","TWSWSIQAPQLDBP-DOFZRALJSA-N","331.26440000000002","1.113","ESI neg"
"0.70_327.23","FA 22:6 (docosahexaenoic acid) ","[M-H]-","MBMBGCFOFBJSGT-KUBAVDMBSA-N","327.2328","0.70299999999999996","ESI neg"
"2.00_353.34","FA 23:0 ","[M-H]-","XEZVDURJDFGERA-UHFFFAOYSA-N","353.34210000000002","2.0030000000000001","ESI neg"
"1.87_365.34","FA 24:1 (nervonic acid) ","[M-H]-","GWHCXVQVJPWHRF-KTKRTIGZSA-N","365.34120000000001","1.8680000000000001","ESI neg"
"2.70_423.42","FA 28:0 (montanic acid) ","[M-H]-","UTOPWMOLSKOLTQ-UHFFFAOYSA-N","423.4203","2.6970000000000001","ESI neg"
"2.96_451.45","FA 30:0 ","[M-H]-","VHOCUJPBKOZGJD-UHFFFAOYSA-N","451.45159999999998","2.9649999999999999","ESI neg"
"3.22_479.48","FA 32:0 ","[M-H]-","ICAIHSUWWZJGHD-UHFFFAOYSA-N","479.48250000000002","3.222","ESI neg"
"1.37_589.52","FAHFA 18:0/20:2 ","[M-H]-","HPRZTBFQSJGUBH-GNPIQOGOSA-N","589.51689999999996","1.37","ESI neg"
"1.13_585.49","FAHFA 38:4 ","[M-H]-","UWSSQGYIAHOMJM-OMCRSCLLSA-N","585.48580000000004","1.129","ESI neg"
"2.06_844.62_2.06_884.61","GlcCer d34:1 ","[M+H-H2O]+_[M+Na]+",NA,"844.6157_884.6076","2.0634999999999999","ESI pos"
"2.94_818.63","GlcCer d40:1 ","[M+Cl]- ","YIGARKIIFOHVPF-YAEABVQUSA-N","818.62779999999998","2.9390000000000001","ESI neg"
"3.05_832.64","GlcCer d41:1 ","[M+Cl]-","SJGWLQDELUWRDA-MUYAOIFFSA-N","832.63850000000002","3.0489999999999999","ESI neg"
"3.16_846.66","GlcCer d42:1 ","[M+Cl]- ","POQRWMRXUOPCLD-AAAFHMTMSA-N","846.65830000000005","3.1640000000000001","ESI neg"
"2.92_844.64","GlcCer d42:2 ","[M+Cl]-","WBOZIXHPUPAOIA-RBELZSLISA-N","844.64449999999999","2.9239999999999999","ESI neg"
"2.13_750.53","GlcCerd14:14E/20:02OH ","[M+Cl]-","YYILQTLJZBSOCA-IMJQGFQJSA-N","750.52829999999994","2.1349999999999998","ESI neg"
"2.00_1024.68","Hex3Cer 18:1;2O/16:0 ","[M+H]+","MGOOTGNGBOPVIV-UHFFFAOYSA-N","1024.6803","2.0049999999999999","ESI pos"
"3.09_812.70","HexCer 18:1;2O/24:0 ","[M+H]+","POQRWMRXUOPCLD-UHFFFAOYSA-N","812.69920000000002","3.0910000000000002","ESI pos"
"2.77_972.73_2.77_994.72","lactosylceramide d18:1/24:1 15Z ","[M+H]+_[M+Na]+","MKOKWBRPIBQYJJ-LWQSSKHKSA-N","972.7334_994.7155","2.7694999999999999","ESI pos"
"2.39_756.55","LNAPE 18:2_N-19:0 ","[M-H]-","UCMCRSUZJUVXPT-MLWYYCKJSA-N","756.55409999999995","2.391","ESI neg"
"2.46_770.57","LNAPE 18:2/N-20:0 ","[M-H]-","LMJRVTNHOFDJIG-UHFFFAOYSA-N","770.56870000000004","2.4609999999999999","ESI neg"
"0.43_468.31","LPC 14:0 ","[M+H]+","VXUOFDJKYGDUJI-OAQYLSRUSA-N","468.30869999999999","0.433","ESI pos"
"0.53_482.32","LPC 15:0 ","[M+H]+","RJZVWDTYEWCUAR-JOCHJYFZSA-N","482.32380000000001","0.52900000000000003","ESI pos"
"0.66_496.34_0.66_518.32","LPC 16:0","[M+H]+_[M+Na]+","ASWBNKHCZGQVJV-HSZRJFAPSA-N","496.3419_518.3222","0.65800000000000003","ESI pos"
"0.47_494.32","LPC 16:1 ","[M+H]+","LFUDDCMNKWEORN-ZXEGGCGDSA-N","494.32380000000001","0.47299999999999998","ESI pos"
"0.81_510.36","LPC 17:0 ","[M+H]+","SRRQPVVYXBTRQK-XMMPIXPASA-N","510.35520000000002","0.81200000000000006","ESI pos"
"1.00_524.37_1.00_546.35","LPC 18:0 ","[M+H]+_[M+Na]+","IHNKQIMGVNPMTC-RUZDIDTESA-N","524.3711_546.3524","0.999","ESI pos"
"0.72_522.36_0.72_544.34","LPC 18:1 ","[M+H]+_[M+Na]+","YAMUFBLWGFFICM-PTGWMXDISA-N","522.3555_544.3367","0.71750000000000003","ESI pos"
"0.55_578.35","LPC 18:2 ","[M+Hac-H]-","SPJFYYJXNPEZDW-FTJOPAKQSA-N","578.346","0.55100000000000005","ESI neg"
"1.32_552.40","LPC 20:0 ","[M+H]+","UATOAILWGVYRQS-HHHXNRCGSA-N","552.40260000000001","1.3220000000000001","ESI pos"
"1.05_550.39","LPC 20:1 ","[M+H]+","GJTDRNFWIDPARY-GTPZACKGSA-N","550.38620000000003","1.05","ESI pos"
"0.80_548.37","LPC 20:2 ","[M+H]+","YYQVCMMXPIJVHY-ZOIJLGJPSA-N","548.37109999999996","0.80200000000000005","ESI pos"
"0.61_546.35","LPC 20:3 ","[M+H]+","BBNHCUBQEQJHIG-FZZJNMCHSA-N","546.35479999999995","0.61099999999999999","ESI pos"
"0.51_544.34","LPC 20:4 ","[M+H]+","GOMVPVRDBLLHQC-VEJNOCSESA-N","544.33979999999997","0.50900000000000001","ESI pos"
"0.40_542.32","LPC 20:5 ","[M+H]+","PDIGSOAOQOXRDU-WJPZTBRDSA-N","542.32489999999996","0.4","ESI pos"
"0.48_568.34","LPC 22:6 ","[M+H]+","LSOWKZULVQWMLY-APPDJCNMSA-N","568.33900000000006","0.48199999999999998","ESI pos"
"2.48_742.57","LPC 32:0 ","[M+Na]+","UNCMQZOMRTWPLO-UHFFFAOYSA-N","742.57159999999999","2.48","ESI pos"
"0.79_482.36","LPC O-16:0 ","[M+H]+","VLBPIWYTPAXCFJ-UHFFFAOYSA-N","482.36020000000002","0.78500000000000003","ESI pos"
"1.26_536.41","LPC O-20:1 ","[M+H]+","COFYPCHRMVFZHB-SEYXRHQNSA-N","536.40530000000001","1.262","ESI pos"
"1.64_566.45","LPC O-22:0 ","[M+H]+","XFOSVRQLSZRDHZ-UHFFFAOYSA-N","566.45370000000003","1.6419999999999999","ESI pos"
"1.88_594.49","LPC O-24:0 ","[M+H]+","GOHRUNJZWITRRS-UHFFFAOYSA-N","594.49009999999998","1.8779999999999999","ESI pos"
"1.65_592.47","LPC O-24:1 ","[M+H]+","LANVDNZVFGFCTB-PFONDFGASA-N","592.46960000000001","1.647","ESI pos"
"0.75_480.34","LPC P-16:0 or LPC O-16:1 ","[M+H]+","HTZINLFNXLXRBC-CQLBIITFSA-N","480.34300000000002","0.749","ESI pos"
"1.17_510.39","LPC p-18:0 ","[M+H]+","XKBJVQHMEXMFDZ-UHFFFAOYSA-N","510.392","1.167","ESI pos"
"0.84_508.38","LPC P-18:0 or LPC O-18:1 ","[M+H]+",NA,"508.3766","0.84","ESI pos"
"0.70_452.27","LPE 16:0 ","[M-H]-","CKPBBEOJHAPPBT-HXUWFJFHSA-N","452.27499999999998","0.70299999999999996","ESI neg"
"1.01_482.32","LPE 18:0 ","[M+H]+",NA,"482.32389999999998","1.0149999999999999","ESI pos"
"0.73_480.31","LPE 18:1 ","[M+H]+","PYVRVRFVLRNJLY-UHFFFAOYSA-N","480.30880000000002","0.73399999999999999","ESI pos"
"0.52_478.29","LPE 18:2 ","[M+H]+","DBHKHNGBVGWQJE-UHFFFAOYSA-N","478.29140000000001","0.51900000000000002","ESI pos"
"0.52_502.29","LPE 20:4 ","[M+H]+",NA,"502.29250000000002","0.51800000000000002","ESI pos"
"0.51_524.28","LPE 22:6 ","[M-H]- ","XEVRBOQZSXWGQO-PAUXXPOVSA-N","524.27840000000003","0.51200000000000001","ESI neg"
"0.78_438.30","LPE O-16:1 ","[M+H]+","RRTPYUGIBQLEDN-FPLPWBNLSA-N","438.29910000000001","0.77500000000000002","ESI pos"
"1.14_466.33","LPE O-18:1 ","[M+H]+","CDONWGCJDDHTLP-KTKRTIGZSA-N","466.32909999999998","1.1439999999999999","ESI pos"
"0.72_599.32","LPI 18:0 ","[M-H]-","MXAFDFDAIFZFET-UHFFFAOYNA-N","599.31600000000003","0.72199999999999998","ESI neg"
"0.74_524.30","LPS 18:0 ","[M-H]-","ZPDQFUYPBVXUKS-UHFFFAOYNA-N","524.29849999999999","0.73599999999999999","ESI neg"
"2.51_361.27","MG 20:4 ","[M-H2O+H]+","RCRCTBLIHCHWDZ-UHFFFAOYSA-N","361.27449999999999","2.5110000000000001","ESI pos"
"2.13_821.54","MGDG 16:0_20:5 ","[M+FA-H]-","GIEIKQLTPYMKIQ-LPNQNMOLSA-N","821.5394","2.1259999999999999","ESI neg"
"2.37_809.65","N-docosanoyl-4-sphingenyl-1-O-phosphorylcholine ","[M+Na]+","FJJANLYCZUNFSE-UHFFFAOYSA-N","809.65340000000003","2.3650000000000002","ESI pos"
"1.80_858.58","OxPC 36:3+1O ","[M+Hac-H]-","REZDVJZZVDNTBB-HHZFRUDZSA-N","858.58420000000001","1.804","ESI neg"
"2.35_723.49","PA 18:1_18:1 ","[M+Na]+","MHUWZNTUIIFHAS-UHFFFAOYSA-N","723.4896","2.3490000000000002","ESI pos"
"0.93_300.29","palmitoyl ethanolamide ","[M+H]+","HXYVTAGFYLMHSO-UHFFFAOYSA-N","300.2894","0.92500000000000004","ESI pos"
"1.87_704.52","PC 14:0_16:1 ","[M+H]+","XGGMHQYOVYWRLV-IZNHTBNISA-N","704.52260000000001","1.8740000000000001","ESI pos"
"2.08_706.54_2.09_728.52","PC 16:0_14:0 ","[M+H]+_[M+Na]+","UIXXHROAQSBBOV-UHFFFAOYSA-N","706.5386_728.5191","2.0865","ESI pos"
"2.21_792.53","PC 16:0_18:2 ","[M+Cl]-","JLPULHDHAOZNQI-UHFFFAOYSA-N","792.53150000000005","2.2149999999999999","ESI neg"
"2.10_840.53_2.10_864.57","PC 16:0_22:6 ","[M+Cl]-_[M+Hac-H]-","IESVDEZGAHUQJU-UHFFFAOYSA-N","840.5297_864.5732","2.1","ESI neg"
"0.74_594.38","PC 16:0_5-oxovaleryl ","[M+H]+","RKIDALSACBQVTN-UHFFFAOYSA-N","594.37609999999995","0.74299999999999999","ESI pos"
"0.84_666.44","PC 16:0_azealic acid (PCPAz-PC) ","[M+H]+","GHQQYDSARXURNG-UHFFFAOYSA-N","666.43600000000004","0.84499999999999997","ESI pos"
"0.66_610.37","PC 16:0_glutaric acid ","[M+H]+","CDZVJFRXJAUXPP-UHFFFAOYSA-N","610.37270000000001","0.66400000000000003","ESI pos"
"1.01_650.44","PC 16:0/9:0 CHO ","[M+H]+","PPTNNIINSOQWCE-WJOKGBTCSA-N","650.43979999999999","1.014","ESI pos"
"2.65_822.58","PC 18:0_18:1 ","[M+Cl]-","ATHVAWFAEPLPPQ-UHFFFAOYSA-N","822.57860000000005","2.6539999999999999","ESI neg"
"0.75_550.35","PC 19:1 ","[M+H]+","ZHAHTCLACAJNQI-SEYXRHQNSA-N","550.34969999999998","0.746","ESI pos"
"0.56_548.34","PC 19:2 ","[M+H]+","FJBBYFIJZSIGIO-UTJQPWESSA-N","548.33500000000004","0.55600000000000005","ESI pos"
"0.54_572.33","PC 21:4 ","[M+H]+","XOZKRFBVCYMGKM-GKFVBPDJSA-N","572.33429999999998","0.53800000000000003","ESI pos"
"1.45_622.44","PC 24:0 ","[M+H]+","IJFVSSZAOYLHEE-UHFFFAOYSA-N","622.4443","1.454","ESI pos"
"1.85_678.51_1.85_700.49","PC 28:0 ","[M+H]+_[M+Na]+","CITGLCJVPOWHKC-UUWRZZSWSA-N","678.5064_700.4895","1.8505","ESI pos"
"1.97_692.52","PC 29:0 ","[M+H]+","GWWAIYISJPUKIW-UHFFFAOYSA-N","692.52390000000003","1.9690000000000001","ESI pos"
"2.14_764.55","PC 30:0 ","[M+Hac-H]-","RFVFQQWKPSOBED-UHFFFAOYSA-N","764.55119999999999","2.1360000000000001","ESI neg"
"1.31_716.43","PC 30:6 ","[M+Na]+","UEAGIABUXIUQCP-OOKUQGPRSA-N","716.42629999999997","1.3080000000000001","ESI pos"
"2.21_720.55_2.26_742.54","PC 31:0 ","[M+H]+_[M+Na]+","NPGWXTIWUUFYAB-DIPNUNPCSA-N","720.5541_742.5359","2.2305000000000001","ESI pos"
"1.99_718.54","PC 31:1 ","[M+H]+","QFVHCMLUKNHDSH-WTWBAFHPSA-N","718.5385","1.986","ESI pos"
"2.30_734.57_2.33_756.55","PC 32:0 ","[M+H]+_[M+Na]+","KILNVBDSWZSGLL-KXQOOQHDSA-N","734.5718_756.551","2.3115000000000001","ESI pos"
"2.11_732.56_2.11_754.54","PC 32:1 ","[M+H]+_[M+Na]+","QIBZFHLFHCIUOT-NPBIGWJUSA-N","732.5558_754.5367","2.1080000000000001","ESI pos"
"1.92_730.54","PC 32:2 ","[M+H]+","GPWHCUUIQMGELX-VHQDNGOZSA-N","730.53779999999995","1.917","ESI pos"
"2.45_748.59","PC 33:0 ","[M+H]+","FHENRYRLCPXONH-LDLOPFEMSA-N","748.58640000000003","2.4460000000000002","ESI pos"
"2.23_746.57","PC 33:1 ","[M+H]+","OFRWLQSOUIZELQ-VEAYGOGPSA-N","746.57010000000002","2.226","ESI pos"
"2.04_744.55","PC 33:2 ","[M+H]+","SBNDHGBVMZMSNL-UESLNCBNSA-N","744.5548","2.0369999999999999","ESI pos"
"2.06_742.54","PC 33:3 ","[M+H]+","MEMAURRDSIYTGR-ASMNEVJASA-N","742.53719999999998","2.0649999999999999","ESI pos"
"2.57_762.60_2.57_784.58","PC 34:0 ","[M+H]+_[M+Na]+","PZNPLUBHRSSFHT-RRHRGVEJSA-N","762.6021_784.5823","2.5710000000000002","ESI pos"
"2.41_818.59","PC 34:1 ","[M+Hac-H]-","WTJKGGKOPKCXLL-MRCUWXFGSA-N","818.59130000000005","2.41","ESI neg"
"2.21_816.58","PC 34:2 ","[M+Hac-H]- ","JLPULHDHAOZNQI-ZTIMHPMXSA-N","816.57579999999996","2.2120000000000002","ESI neg"
"1.98_756.55_1.99_778.54","PC 34:3 Isomer B ","[M+H]+_[M+Na]+","VKVSSDKCKXJFIM-AFYHZPHLSA-N","756.5535_778.5366","1.9824999999999999","ESI pos"
"1.88_754.54","PC 34:4 ","[M+H]+","YWDDIWXKFJEMKF-JTZVLWBESA-N","754.5376","1.875","ESI pos"
"2.46_774.60","PC 35:1 ","[M+H]+PC 35:1 ",NA,"774.60119999999995","2.4609999999999999","ESI pos"
"2.32_830.59","PC 35:2 ","[M+Hac-H]- ","ZSKWZJYUVZYDQU-WESJWMGVSA-N","830.58939999999996","2.3220000000000001","ESI neg"
"2.26_772.59","PC 35:2 Isomer B ","[M+H]+","MJWAVUYQCBFFHQ-WESJWMGVSA-N","772.58529999999996","2.262","ESI pos"
"2.08_770.57","PC 35:3 ","[M+H]+","AYXGHIQPMDYMJC-AHMBLZLYSA-N","770.56880000000001","2.0760000000000001","ESI pos"
"2.18_826.56","PC 35:4 ","[M+Hac-H]-","LYNZMLHNPYEREG-ZHMZGHMTSA-N","826.56119999999999","2.177","ESI neg"
"2.80_790.63","PC 36:0 ","[M+H]+","NRJAVPSFFCBXDT-UHFFFAOYSA-N","790.63409999999999","2.8039999999999998","ESI pos"
"2.65_846.62","PC 36:1 ","[M+Hac-H]- ","ATHVAWFAEPLPPQ-VRDBWYNSSA-N","846.62450000000001","2.6520000000000001","ESI neg"
"2.39_786.60_2.39_808.58","PC 36:2 ","[M+H]+_[M+Na]+","SNKAWJBJQDLSFF-NVKMUCNASA-N","786.6037_808.5817","2.3919999999999999","ESI pos"
"2.27_842.59","PC 36:3 Isomer B ","[M+Hac-H]- ","YPAZQMWFRMHBBM-CLKMJQEKSA-N","842.59050000000002","2.266","ESI neg"
"1.98_782.57_1.98_804.55","PC 36:4 Isomer A ","[M+H]+_[M+Na]+","NKQPOVROGSWLTO-NVPMBMBWSA-N","782.5709_804.5513","1.9830000000000001","ESI pos"
"2.17_840.58","PC 36:4 Isomer B ","[M+Hac-H]-","IIZPXYDJLKNOIY-JXPKJXOSSA-N","840.57569999999998","2.1709999999999998","ESI neg"
"2.11_782.57_2.11_804.55","PC 36:4 Isomer C ","[M+H]+_[M+Na]+","IIZPXYDJLKNOIY-JXPKJXOSSA-N","782.5731_804.5518","2.1085000000000003","ESI pos"
"1.96_780.55_1.96_802.53","PC 36:5 Isomer D ","[M+H]+_[M+Na]+","SUZYROYNFNQALJ-MHEIZRSESA-N","780.5543_802.532","1.962","ESI pos"
"2.32_798.60","PC 37:3 ","[M+H]+","OOYQEEUUQRMQKL-JUUDQZDJSA-N","798.60140000000001","2.3199999999999998","ESI pos"
"2.22_796.58","PC 37:4 ","[M+H]+","QRPUCJXFPYFTMB-FBFLODOBSA-N","796.5847","2.2189999999999999","ESI pos"
"2.79_816.65","PC 38:1 ","[M+H]+",NA,"816.64760000000001","2.7930000000000001","ESI pos"
"2.67_872.64","PC 38:2 ","[M+Hac-H]-","ZQLPLCXRBVPKGP-UHFFFAOYSA-N","872.6404","2.6669999999999998","ESI neg"
"2.52_870.62","PC 38:3 ","[M+Hac-H]-","LLUINWFQEIMZRU-UHFFFAOYSA-N","870.62350000000004","2.5209999999999999","ESI neg"
"2.42_868.61","PC 38:4 Isomer B ","[M+Hac-H]-","HUAVKOMRGUBYMK-UHFFFAOYSA-N","868.60749999999996","2.419","ESI neg"
"2.35_810.60_2.35_832.58","PC 38:4 Isomer C ","[M+H]+_[M+Na]+","PSVRFUPOQYJOOZ-QNPWAGBNSA-N","810.6012_832.5834","2.3460000000000001","ESI pos"
"2.12_808.59","PC 38:5 Isomer A ","[M+H]+","SUACBSWYGWBPFC-GPUJSUHJSA-N","808.58529999999996","2.1219999999999999","ESI pos"
"2.19_808.59","PC 38:5 Isomer B ","[M+H]+","YLWBKBDNHWQEFU-YJXJLLHLSA-N","808.58540000000005","2.19","ESI pos"
"1.97_806.57","PC 38:6 Isomer A ","[M+H]+","PLZBTDKJYHXIEW-DZUXOTHRSA-N","806.56979999999999","1.9650000000000001","ESI pos"
"3.03_844.68","PC 40:1 ","[M+H]+","BTLDQGKXGHSRQN-FCQUAONHSA-N","844.67859999999996","3.028","ESI pos"
"2.52_838.63","PC 40:4 ","[M+H]+","FHUAYOMRHXZKHT-JUGJLYODSA-N","838.63239999999996","2.5150000000000001","ESI pos"
"2.34_836.62","PC 40:5 Isomer A ","[M+H]+","IJTJDJOOHZVSAC-NDRUHXFFSA-N","836.61590000000001","2.3420000000000001","ESI pos"
"2.44_836.62","PC 40:5 Isomer B ","[M+H]+","SFESOYFQZQJCOY-FXYWPAEZSA-N","836.61659999999995","2.4420000000000002","ESI pos"
"2.27_834.60_2.27_856.58","PC 40:6 Isomer B ","[M+H]+_[M+Na]+","TYRTWVKQVGNGSZ-RGBTVBCDSA-N","834.6014_856.583","2.2725","ESI pos"
"2.06_832.59","PC 40:7 Isomer B ","[M+H]+","BPUROMFCPFGBOT-ZEGPSQTJSA-N","832.58550000000002","2.0569999999999999","ESI pos"
"3.04_870.70","PC 42:2 ","[M+H]+","LZCAQCSFNYERJW-HKOLQMFGSA-N","870.69600000000003","3.0409999999999999","ESI pos"
"2.79_806.63","PC O-18:0_16:0 ","[M+Hac-H]-","GTFLTTXDLGEBAI-UHFFFAOYSA-N","806.62670000000003","2.7850000000000001","ESI neg"
"2.23_692.56","PC O-30:0 ","[M+H]+","QWXGXDFYLSOKRF-UHFFFAOYSA-N","692.55809999999997","2.2290000000000001","ESI pos"
"2.19_690.54","PC O-30:1 ","[M+H]+","CNXQXEMKYGYFSY-ZCXUNETKSA-N","690.54200000000003","2.1930000000000001","ESI pos"
"0.58_692.46","PC O-31:7 ","[M+H]+","ANUFGDKBXWACSN-KGJCVUFKSA-N","692.46119999999996","0.57999999999999996","ESI pos"
"2.48_720.59","PC O-32:0 ","[M+H]+","SVWBXNAUENUONE-LDLOPFEMSA-N","720.59220000000005","2.4750000000000001","ESI pos"
"2.44_718.58","PC O-32:1 ","[M+H]+","BXQUYBIIGCTQFV-VLGSPTGOSA-N","718.57510000000002","2.444","ESI pos"
"2.59_734.60","PC O-33:0 ","[M+H]+","LXEGSWFXNDUGIV-UHFFFAOYSA-N","734.60400000000004","2.59","ESI pos"
"2.72_748.62","PC O-34:0 ","[M+H]+","ZKTXOJMFIAILJG-VQJSHJPSSA-N","748.62159999999994","2.72","ESI pos"
"2.74_774.64","PC O-36:1 ","[M+H]+","CTZJPIRYGNJXMR-MRCUWXFGSA-N","774.63810000000001","2.738","ESI pos"
"2.81_790.68","PC O-37:0 ","[M+H]+","LBZZFYDZWFULSD-UHFFFAOYSA-N","790.67930000000001","2.8069999999999999","ESI pos"
"2.96_828.68","PC O-40:2 or PC 40:2e ","[M+H]+","VISUXPRSUNICAX-VYEFPUSRSA-N","828.68489999999997","2.9620000000000002","ESI pos"
"3.16_856.72","PC O-42:2 or PC 42:2e ","[M+H]+","URDZVAHPTRQDFK-AKXWPXBYSA-N","856.7165","3.1619999999999999","ESI pos"
"2.56_804.61","PC P-34:0 or PC O-34:1 ","[M+Hac-H]-","QCGUXAIDEOWPBV-SNKLRXETSA-N","804.60519999999997","2.556","ESI neg"
"2.30_744.59","PC P-34:1 or PC O-34:2 ","[M+H]+","MBRHHFWRXQYYAN-JEPFLRBFSA-N","744.59090000000003","2.2989999999999999","ESI pos"
"2.36_802.59","PC P-34:1 or PC O-34:2 Isomer A ","[M+Hac-H]-","MBRHHFWRXQYYAN-RTVLTNFHSA-N","802.59209999999996","2.3559999999999999","ESI neg"
"2.25_742.57","PC P-34:2 or PC O-34:3 ","[M+H]+","QEWRXEALGMKRGP-MZWPLUPDSA-N","742.57479999999998","2.254","ESI pos"
"2.52_772.62","PC P-36:1 or PC O-36:2 A ","[M+H]+","ZYLPVUZBZNMVMR-ZBBHDILGSA-N","772.62099999999998","2.5190000000000001","ESI pos"
"2.69_772.62","PC P-36:1 or PC O-36:2 B ","[M+H]+","ZYLPVUZBZNMVMR-ZBBHDILGSA-N","772.62049999999999","2.694","ESI pos"
"2.49_770.61","PC P-36:2 or PC O-36:3 ","[M+H]+","DIHWZUCEXWUHOD-IIVNATNGSA-N","770.60550000000001","2.4860000000000002","ESI pos"
"2.25_768.59","PC P-36:3 or PC O-36:4 ","[M+H]+","PYVYDRMXPDZRIS-FINMKEMFSA-N","768.59059999999999","2.2490000000000001","ESI pos"
"2.21_766.57","PC P-36:4 or PC O-36:5 ","[M+H]+","RWVKPDIHPPTVRQ-HWGQMOSASA-N","766.57449999999994","2.2069999999999999","ESI pos"
"2.48_796.62","PC P-38:3 or PC O-38:4 Isomer B ","[M+H]+","GWBOVQHRCURSPU-QMFAPAEZSA-N","796.62090000000001","2.4849999999999999","ESI pos"
"2.25_794.61","PC P-38:4 or PC O-38:5 Isomer A ","[M+H]+","YPAPIRJFGNBODV-AMFPDOHCSA-N","794.60630000000003","2.2549999999999999","ESI pos"
"2.48_822.64","PC P-40:4 or PC O-40:5 ","[M+H]+","UWNFEVACEPZILS-RNNLSGHUSA-N","822.63699999999994","2.4750000000000001","ESI pos"
"2.41_820.63","PC P-40:5 or PC O-40:6 ","[M+H]+","KUHMJRMPHBRAMY-DDURNVNNSA-N","820.62540000000001","2.4119999999999999","ESI pos"
"2.98_854.70","PC P-42:2 or PC O-42:3 ","[M+H]+",NA,"854.69920000000002","2.9780000000000002","ESI pos"
"2.71_850.67","PC P-42:4 or PC O-42:5 ","[M+H]+","NLEDXBSUDVLSEN-UFFJXODHSA-N","850.66639999999995","2.714","ESI pos"
"2.50_848.65","PC P-42:5 or PC O-42:6 Isomer A ","[M+H]+","QZMFOSCFDWPISC-KQHSIIGPSA-N","848.65359999999998","2.4990000000000001","ESI pos"
"2.93_878.70","PC P-44:4 or PC O-44:5 ","[M+H]+","CEZAZXUWDFPTTE-FHIJIHMSSA-N","878.69899999999996","2.93","ESI pos"
"2.26_714.51","PE 16:1_18:1 ","[M-H]-","HGDJXBPLHZFXGO-LBXGSASVSA-N","714.50609999999995","2.2589999999999999","ESI neg"
"2.46_716.52","PE 34:1 ","[M-H]-","RECBGBLFDMTQRS-SGEDCAFJSA-N","716.52229999999997","2.456","ESI neg"
"2.21_716.52_2.21_738.51","PE 34:2 ","[M+H]+_[M+Na]+","HBZNVZIRJWODIB-NHCUFCNUSA-N","716.5231_738.5054","2.2095000000000002","ESI pos"
"2.64_746.57","PE 36:1 ","[M+H]+","JQKOHRZNEOQNJE-ZZEZOPTASA-N","746.5693","2.6419999999999999","ESI pos"
"2.43_744.55","PE 36:2 ","[M+H]+",NA,"744.55330000000004","2.4260000000000002","ESI pos"
"2.29_740.52","PE 36:3 ","[M-H]-","GKAFCSRKMWFPSJ-RQOIEFAZSA-N","740.52200000000005","2.2869999999999999","ESI neg"
"2.16_740.52","PE 36:4 ","[M+H]+","KZLUVTCXBFEIFJ-XGLJQOENSA-N","740.5231","2.1619999999999999","ESI pos"
"2.46_766.54","PE 38:4 ","[M-H]-","ICYDFONFTSPCRL-BHYOAKPMSA-N","766.53779999999995","2.4609999999999999","ESI neg"
"2.23_764.52","PE 38:5 ","[M-H]-","ZYMZKMQPPJPQHY-HAGCXRLMSA-N","764.52229999999997","2.2330000000000001","ESI neg"
"2.09_764.52","PE 38:6 ","[M+H]+","LFGBKOUQHCWBQI-BZGLIJSBSA-N","764.52170000000001","2.0939999999999999","ESI pos"
"2.13_762.51","PE 38:6 Isomer B ","[M-H]-","MPWUZHVZZKSTPV-LGFBOSHVSA-N","762.50890000000004","2.1339999999999999","ESI neg"
"2.52_702.54","PE O-16:1_18:1 ","[M+H]+","RFPQMVKZNQOUGY-KXYOHKLBSA-N","702.54399999999998","2.5179999999999998","ESI pos"
"2.32_700.53","PE O-16:1_18:2 ","[M+H]+","RIQAKBUOHSSMTC-PNBIJBBKSA-N","700.52719999999999","2.3210000000000002","ESI pos"
"2.19_748.53","PE O-16:1_22:6 ","[M+H]+","KGCPGAKRLOCUEV-ZLXBYIIJSA-N","748.52919999999995","2.1949999999999998","ESI pos"
"2.42_702.55","PE O-18:1_16:0 ","[M-H]-","HEASGCOZOMIKFU-WUVHBKSUSA-N","702.54970000000003","2.4159999999999999","ESI neg"
"2.48_774.54","PE O-18:1_22:6 ","[M-H]-","IVBLZGVNSKPGOR-XAJDCCMMSA-N","774.54399999999998","2.484","ESI neg"
"2.34_748.53","PE O-38:6 Isomer A ","[M-H]-","YJPYELPDWSEQHM-KTUZNUCGSA-N","748.52769999999998","2.3370000000000002","ESI neg"
"2.77_780.59","PE O-40:4 ","[M-H]-","JWICLJISDBHCTF-MAZCIEHSSA-N","780.58680000000004","2.7669999999999999","ESI neg"
"2.74_778.57","PE O-40:5 Isomer B ","[M-H]-","GZMXKUALKXYCMM-XSEHFSNESA-N","778.57399999999996","2.7370000000000001","ESI neg"
"2.56_776.56","PE O-40:6 Isomer B ","[M-H]-","NKXPONDLZHZZND-PKBJNFAXSA-N","776.55640000000005","2.5619999999999998","ESI neg"
"2.58_700.53","PE P-34:1 or PE O-34:2 ","[M-H]-","ZOSSFCIAXYNTHL-CSTBBDSDSA-N","700.52859999999998","2.5760000000000001","ESI neg"
"2.76_730.57","PE P-36:1 or PE O-36:2 ","[M+H]+",NA,"730.5729","2.7589999999999999","ESI pos"
"2.55_728.56","PE P-36:2 or PE O-36:3 ","[M+H]+","CFANDHZPOSNKNO-UDHSZFGOSA-N","728.55909999999994","2.5510000000000002","ESI pos"
"2.27_724.53","PE P-36:4 or PE O-36:5 ","[M+H]+","ADWDFBQPQIEGRZ-XBICFDGKSA-N","724.52719999999999","2.2679999999999998","ESI pos"
"2.57_750.54","PE P-38:4 or PE O-38:5 ","[M-H]-","URPXXNCTXCOATD-FXMFQVEGSA-N","750.54359999999997","2.5680000000000001","ESI neg"
"2.28_750.54","PE P-38:5 or PE O-38:6 ","[M+H]+","IQSPCSIULMCRPM-ZAJUHDLGSA-N","750.54309999999998","2.2799999999999998","ESI pos"
"2.68_780.59","PE P-40:4 or PE O-40:5 Isomer A ","[M+H]+",NA,"780.59079999999994","2.677","ESI pos"
"2.43_776.56","PE-O 18:1_22:6 ","[M+H]+","FIJFPUAJUDAZEY-UHFFFAOYSA-N","776.55719999999997","2.4289999999999998","ESI pos"
"2.25_675.50","PEtOH 16:0_16:0 ","[M-H]-","UYHAERNXVVKSCT-UHFFFAOYSA-N","675.49540000000002","2.2469999999999999","ESI neg"
"2.04_673.48","PEtOH 16:0_16:1 ","[M-H]-","MLHVKKWOXVSPDG-VLGSPTGOSA-N","673.47979999999995","2.0419999999999998","ESI neg"
"2.21_701.51","PEtOH 16:0_18:1 ","[M-H]-","JCABVIFDXFFRMT-VXPUYCOJSA-N","701.51239999999996","2.2130000000000001","ESI neg"
"1.99_723.50","PEtOH 16:0_20:4 ","[M-H]-","QTIJJMLOUMWMQQ-BUPHOURSSA-N","723.49590000000001","1.994","ESI neg"
"2.04_671.47","PEtOH 16:1_16:1 ","[M-H]-","BHQKOVPFLAAQTH-IQRFGFHNSA-N","671.46579999999994","2.04","ESI neg"
"2.04_699.50","PEtOH 16:1_18:1 ","[M-H]-","SQEHUBDFCCVGCJ-FRKBGCJLSA-N","699.49699999999996","2.0390000000000001","ESI neg"
"2.25_727.53","PEtOH 18:1_18:1 ","[M-H]-","JSNRLDUOKDFFEU-WRBBJXAJSA-N","727.52859999999998","2.246","ESI neg"
"2.02_749.51","PEtOH 18:1_20:4 ","[M-H]-","GPUYXMCSIACMOK-YBDJVEANSA-N","749.51260000000002","2.0190000000000001","ESI neg"
"2.43_729.54","PEtOH 36:1 ","[M-H]-","LFYQADSKGJQQJD-XDOYNYLZSA-N","729.54300000000001","2.4319999999999999","ESI neg"
"0.21_788.97","PFAP-FT_diPAP ","[M-H]-","ZDYYWMSLMLTXDM-UHFFFAOYSA-N","788.97299999999996","0.214","ESI neg"
"0.24_351.22","PGE2 ","[M-H]-","XEYBRNLFEZDVAW-ARSRFYASSA-N","351.2174","0.24399999999999999","ESI neg"
"2.32_722.51","Phosphatidylethanolamine alkenyl 16:0-20:4 ","[M-H]-","QDRJMAHGAQYRIN-PKKQLAOCSA-N","722.51220000000001","2.323","ESI neg"
"2.60_726.55","Phosphatidylethanolamine alkenyl 18:0-18:2 ","[M-H]-","QBAQUPWJTLVJBD-CZAAGYDRSA-N","726.54759999999999","2.5990000000000002","ESI neg"
"2.02_809.51","PI 16:0_16:0 ","[M-H]-","IBUKXRINTKQBRQ-UHFFFAOYSA-N","809.51430000000005","2.0179999999999998","ESI neg"
"2.09_887.56","PI 18:0_20:4 ","[M+H]+","KRTOMQDUKGRFDJ-UHFFFAOYSA-N","887.56389999999999","2.093","ESI pos"
"1.69_807.51","PI 32:1 ","[M-H]-","RNXWIPLNUTUDRT-YHSIYXGOSA-N","807.50930000000005","1.6870000000000001","ESI neg"
"2.03_835.53","PI 34:1 Isomer A ","[M-H]- ","PDLAMJKMOKWLAJ-AGORXRROSA-N","835.53359999999998","2.0339999999999998","ESI neg"
"1.91_857.51","PI 34:2 ","[M+Na]+","GIASXRZRWQSUOZ-QGLGPCELSA-N","857.51289999999995","1.9059999999999999","ESI pos"
"1.88_833.52","PI 34:2 Isomer B ","[M-H]-","GXAHXPDRXNWFIX-UHFFFAOYSA-N","833.51760000000002","1.8759999999999999","ESI neg"
"2.26_863.57","PI 36:1 Isomer A ","[M-H]- ","YOBFISPJJWPPTK-JUCSSFOXSA-N","863.56560000000002","2.258","ESI neg"
"1.84_857.52","PI 36:4 ","[M-H]-","WPXXYOUAQYYXER-BFRKKRKTSA-N","857.51859999999999","1.8420000000000001","ESI neg"
"2.14_887.56","PI 38:3 ","[M-H]-","VVADTISLHXZLIB-WNWAWKNRSA-N","887.5643","2.137","ESI neg"
"2.06_885.55","PI 38:4 ","[M-H]- ","KRTOMQDUKGRFDJ-MWZLTEOLSA-N","885.54819999999995","2.0550000000000002","ESI neg"
"2.06_687.50","PMeOH 16:0_18:1 ","[M-H]-","VAARQXKGNHCRDF-HNENSFHCSA-N","687.49609999999996","2.0579999999999998","ESI neg"
"2.09_810.53","PS 16:0_22:4 ","[M-H]-","BAGQGBPETWVHAA-BHYOAKPMSA-N","810.52809999999999","2.089","ESI neg"
"2.03_834.53","PS 18:0_22:6 ","[M-H]-","LYYHRRPTEXPVOR-UHFFFAOYSA-N","834.52909999999997","2.0270000000000001","ESI neg"
"2.31_788.54","PS 36:1 ","[M-H]-","AJFWREUFUPEYII-UHFFFAOYSA-N","788.54340000000002","2.3079999999999998","ESI neg"
"2.12_786.53","PS 36:2 ","[M-H]-","WTBFLCSPLLEDEM-UHFFFAOYSA-N","786.52779999999996","2.121","ESI neg"
"2.17_812.54","PS 38:3 ","[M-H]-","WHUMBFDYURAXQS-UHFFFAOYSA-N","812.54380000000003","2.1739999999999999","ESI neg"
"2.24_838.56","PS 40:4 ","[M-H]-","LJUFXCVFKSJRPV-UHFFFAOYSA-N","838.55840000000001","2.2440000000000002","ESI neg"
"1.76_794.51","SHexCer 34:1;3O ","[M-H]-","JRFKMQPJBVVBJJ-HNENSFHCNA-N","794.50990000000002","1.758","ESI neg"
"1.79_778.51","SHexCer d34:1 ","[M-H]-","XJVULJZLBYKHPR-ZZEZOPTASA-N","778.51369999999997","1.792","ESI neg"
"1.98_827.60","SM 12:1;2O/32:8 ","[M+H]+","OQIWXZOPYYGVRQ-KBKSMPMVSA-N","827.59860000000003","1.978","ESI pos"
"1.87_719.54","SM 16:1;2O/16:0 ","[M+FA-H]-","RPTUKVYGSPDHGQ-PSALXKTOSA-N","719.53809999999999","1.8740000000000001","ESI neg"
"2.69_775.66","SM 18:0;2O/21:0 ","[M+H]+","RKFZWGKFJRROLE-UHFFFAOYSA-N","775.65909999999997","2.6909999999999998","ESI pos"
"2.64_855.66","SM 20:0;2O/22:3 ","[M+FA-H]-","BCTOQCAZSBNMRM-UHFFFAOYSA-N","855.6617","2.6389999999999998","ESI neg"
"2.81_839.70","SM 20:3;2O/24:0 ","[M+H]+","CJWKFVAVABUHAE-JNWHQOFSSA-N","839.70029999999997","2.806","ESI pos"
"2.12_747.57","SM 22:1;2O/12:0 ","[M+FA-H]-","OAUYZGOKCOOZQY-KHDLYOHESA-N","747.56500000000005","2.125","ESI neg"
"2.79_813.69_2.79_835.67","SM 24:1 ","[M+H]+_[M+Na]+","WKZHECFHXLTOLJ-QYKFWSDSSA-N","813.6896_835.6672","2.7934999999999999","ESI pos"
"2.34_783.64","SM 25:2;2O/15:1 ","[M+H]+","JBQDYUPDGKCATP-TXCPKXGHSA-N","783.6354","2.3380000000000001","ESI pos"
"3.32_901.74","SM 26:0;2O/18:1 ","[M+Hac-H]-","SOVXFUWAPHISDA-UHFFFAOYSA-N","901.7373","3.3180000000000001","ESI neg"
"2.97_855.70","SM 30:2;2O (FA 14:0) ","[M+H]+","UKMFJSXXKFILSZ-CLPWHFLUSA-N","855.70219999999995","2.97","ESI pos"
"2.23_693.56","SM 32:0;3O ","[M+H]+","NBQFCWGLZDZGQW-UHFFFAOYSA-N","693.55700000000002","2.2269999999999999","ESI pos"
"1.97_721.59","SM 34:0;3O ","[M+H]+","AEPRVLRKSXEZQJ-UHFFFAOYSA-N","721.58699999999999","1.9650000000000001","ESI pos"
"1.77_717.55","SM 34:2;3O ","[M+H]+","JMOURNFROFBOII-IDDCRRPISA-N","717.55430000000001","1.77","ESI pos"
"2.20_739.57","SM 35:1;2O ","[M+Na]+","NZVSGOQOFUVMHA-QOSDPKFLSA-N","739.57309999999995","2.198","ESI pos"
"2.25_769.59","SM 38:4;3O ","[M+H]+","TXPHQQBLLBPGPI-LTFXTMEVSA-N","769.59339999999997","2.2490000000000001","ESI pos"
"2.93_833.71","SM 42:0;3O ","[M+H]+","QOANPDGQAVGULE-UHFFFAOYSA-N","833.70839999999998","2.9340000000000002","ESI pos"
"2.68_831.69","SM 42:1;3O ","[M+H]+","PGBVCNBXYRUHSM-FCQUAONHSA-N","831.69420000000002","2.681","ESI pos"
"2.73_829.68","SM 42:2;3O ","[M+H]+","KJIZRYXAVOKYMQ-CTRILWCZSA-N","829.67840000000001","2.7290000000000001","ESI pos"
"2.48_823.64","SM 42:5;3O ","[M+H]+","GEMQHTDVCJDVFM-NIUCGTTNSA-N","823.63779999999997","2.4769999999999999","ESI pos"
"1.72_819.59","SM 42:7;3O ","[M+H]+","IINZWIWNQHXSFK-SPRSFGERSA-N","819.5942","1.718","ESI pos"
"3.26_865.71","SM 44:1;2O ","[M+Na]+","ICUBQMRRQYLOPA-ZCXUNETKSA-N","865.70979999999997","3.2639999999999998","ESI pos"
"2.93_879.70","SM 46:5;3O ","[M+H]+","OHEVRWBQEIUTTH-BPRLVAOOSA-N","879.70420000000001","2.931","ESI pos"
"1.60_647.51_1.60_669.49","SM d30:1 ","[M+H]+_[M+Na]+","HZCLJRFPXMKWHR-FEBLJDHQSA-N","647.5123_669.4882","1.5994999999999999","ESI pos"
"1.71_661.53","SM d31:1 ","[M+H]+","FJYURYAFGRADQP-WSYRTZMQSA-N","661.52850000000001","1.708","ESI pos"
"1.87_733.55","SM d32:1 ","[M+Hac-H]- ","KYICBZWZQPCUMO-PSALXKTOSA-N","733.54930000000002","1.8720000000000001","ESI neg"
"1.63_673.53","SM d32:2 ","[M+H]+","PEJGMBUENJSLLH-RHAKMSQVSA-N","673.52800000000002","1.627","ESI pos"
"1.96_689.56_1.95_711.54","SM d33:1 ","[M+H]+_[M+Na]+","LQINJRUGTUOHGS-YPDYIYJKSA-N","689.561_711.5438","1.9570000000000001","ESI pos"
"2.16_705.59_2.16_727.57","SM d34:0 ","[M+H]+_[M+Na]+","QHZIGNLCLJPLCU-QPPIDDCLSA-N","705.5904_727.5724","2.161","ESI pos"
"2.12_761.58","SM d34:1 ","[M+Hac-H]-","RWKUXQNLWDTSLO-GWQJGLRPSA-N","761.58069999999998","2.1240000000000001","ESI neg"
"1.85_701.56_1.85_723.54","SM d34:2 ","[M+H]+_[M+Na]+","YLWSJLLZUHSIEA-CKSUKHGVSA-N","701.5606_723.5411","1.8545","ESI pos"
"2.19_717.59","SM d35:1 ","[M+H]+","LDJGVBCPOLCJJN-DQRAZIAOSA-N","717.59019999999998","2.1949999999999998","ESI pos"
"1.98_715.58","SM d35:2 ","[M+H]+","HVVDGWWLGYBUAB-JYDNXXCZSA-N","715.57510000000002","1.9770000000000001","ESI pos"
"2.32_733.61","SM d36:0 Isomer A ","[M+H]+","JCELSEVNSMXGKA-IOLBBIBUSA-N","733.61419999999998","2.3239999999999998","ESI pos"
"2.42_733.62","SM d36:0 Isomer B ","[M+H]+","ZGVJYAAWNDFHCO-UHFFFAOYSA-N","733.62130000000002","2.4180000000000001","ESI pos"
"2.32_731.61_2.32_753.59","SM d36:1 ","[M+H]+_[M+Na]+","LKQLRGMMMAHREN-YJFXYUILSA-N","731.6072_753.5894","2.3195000000000001","ESI pos"
"2.10_729.59_2.10_751.57","SM d36:2 ","[M+H]+_[M+Na]+","NBEADXWAAWCCDG-QDDWGVBQSA-N","729.5912_751.5728","2.0975000000000001","ESI pos"
"2.45_745.62","SM d37:1 Isomer B ","[M+H]+","CCIVNUZPQKBOGQ-DQRAZIAOSA-N","745.61969999999997","2.448","ESI pos"
"2.57_761.65","SM d38:0 Isomer A ","[M+H]+","UGRZESKDAPEULH-ACEXITHZSA-N","761.64520000000005","2.573","ESI pos"
"2.66_761.65","SM d38:0 Isomer B ","[M+H]+","WZSCABKLRFKQRR-UHFFFAOYSA-N","761.65340000000003","2.657","ESI pos"
"2.57_759.64","SM d38:1 ","[M+H]+","AADLTHQNYQJHQV-SVLGDMRNSA-N","759.63840000000005","2.57","ESI pos"
"2.34_757.62","SM d38:2 ","[M+H]+","MDRFMTLYKHBJTF-NQYLGBTJSA-N","757.62189999999998","2.343","ESI pos"
"2.12_755.61","SM d38:3 ","[M+H]+","KULNRFSPBZSGEG-FKXCBRKISA-N","755.60559999999998","2.121","ESI pos"
"2.69_773.65_2.69_795.64","SM d39:1 ","[M+H]+_[M+Na]+","YXSZOBWVQJIWNE-LUJNSPTCSA-N","773.6531_795.6357","2.6909999999999998","ESI pos"
"2.47_771.64","SM d39:2 Isomer B ","[M+H]+","VSRBUFVNVHHRJF-XVBXMYMNSA-N","771.63620000000003","2.4660000000000002","ESI pos"
"2.81_789.68","SM d40:0 Isomer A ","[M+H]+","FONAXCRWZQFJHY-JCGOJSMZSA-N","789.67669999999998","2.8090000000000002","ESI pos"
"2.90_789.68","SM d40:0 Isomer B ","[M+H]+","GBLHWUFOHMAULL-UHFFFAOYSA-N","789.68409999999994","2.895","ESI pos"
"2.81_787.67_2.81_809.65","SM d40:1 ","[M+H]+_[M+Na]+","FJJANLYCZUNFSE-QVMKKYBKSA-N","787.6721_809.6499","2.8094999999999999","ESI pos"
"2.88_845.67","SM d40:1 Isomer B ","[M+Hac-H]-","FJJANLYCZUNFSE-UHFFFAOYSA-N","845.67470000000003","2.8769999999999998","ESI neg"
"2.58_785.65_2.58_807.63","SM d40:2 Isomer B ","[M+H]+_[M+Na]+","VBFKEZGCUWHGSK-ADSSWVSQSA-N","785.6543_807.6342","2.5819999999999999","ESI pos"
"2.57_781.62","SM d40:4 ","[M+H]+","LPTFILGGDLXKLI-XUMHSMKBSA-N","781.62009999999998","2.5680000000000001","ESI pos"
"2.93_803.69","SM d41:0 ","[M+H]+","JNBCYYBMDZJSNB-UHFFFAOYSA-N","803.69029999999998","2.9279999999999999","ESI pos"
"2.93_801.69_2.92_823.67","SM d41:1 ","[M+H]+_[M+Na]+","SXZWBNWTCVLZJN-NMIJJABPSA-N","801.6856_823.6664","2.923","ESI pos"
"2.75_857.67","SM d41:2 Isomer A ","[M+Hac-H]- ","JBDGKEXQKCCQFK-JWQIMADESA-N","857.67169999999999","2.7509999999999999","ESI neg"
"2.69_799.67","SM d41:2 Isomer B ","[M+H]+","JBDGKEXQKCCQFK-JWQIMADESA-N","799.66970000000003","2.6920000000000002","ESI pos"
"3.04_817.71_3.04_839.69","SM d42:0 ","[M+H]+_[M+Na]+","SMJLGESYPKPRNU-CRCOQUFZSA-N","817.7081_839.6896","3.04","ESI pos"
"3.10_873.71","SM d42:1 ","[M+Hac-H]- ","QEDPUVGSSDPBMD-XTAIVQBESA-N","873.70630000000006","3.1019999999999999","ESI neg"
"2.86_871.69","SM d42:2 Isomer B ","[M+Hac-H]-","DACOGJMBYLZYDH-GXJPFUDISA-N","871.69090000000006","2.8580000000000001","ESI neg"
"2.58_811.67_2.58_833.65","SM d42:3 ","[M+H]+_[M+Na]+","TXFLWJQVQCDUDZ-BRUGZULGSA-N","811.6691_833.6514","2.577","ESI pos"
"3.21_887.72","SM d43:1 ","[M+Hac-H]-","ULARPQXVRGTQDC-UHFFFAOYSA-N","887.72130000000004","3.2090000000000001","ESI neg"
"3.15_829.72","SM d43:1 Isomer B ","[M+H]+","LXMARZYBSFYVSY-KUQVZNNZSA-N","829.71619999999996","3.15","ESI pos"
"3.26_843.73","SM d44:1 ","[M+H]+","LLVAOJYISMLSAW-MEIHLTSWSA-N","843.73050000000001","3.26","ESI pos"
"3.08_899.72","SM d44:2 ","[M+Hac-H]-","YXEXWUZHFGYOHJ-UOJCCMJYSA-N","899.72230000000002","3.085","ESI neg"
"3.03_841.72_3.02_863.70","SM d44:2 isomer A ","[M+H]+_[M+Na]+","YXEXWUZHFGYOHJ-UOJCCMJYSA-N","841.7157_863.6972","3.0255000000000001","ESI pos"
"2.88_897.71","SM d44:3 ","[M+Hac-H]-","BEKSPMFXMXQNCT-BVJXSWLFSA-N","897.70849999999996","2.875","ESI neg"
"1.64_400.41","SPB 25:0;2O ","[M+H]+","QXSJLYUTPJUIBV-UHFFFAOYSA-N","400.41460000000001","1.635","ESI pos"
"1.75_414.43","SPB 26:0;2O ","[M+H]+","HIEGLQBXJKXOLA-UHFFFAOYSA-N","414.43020000000001","1.746","ESI pos"
"3.19_708.61","TG 10:0_12:0_18:2 ","[M+NH4]+","GXRODSBSDBCXSO-YJMJMZFLSA-N","708.61180000000002","3.1890000000000001","ESI pos"
"3.90_808.74","TG 14:0_16:0_17:1 ","[M+NH4]+","PGYNJJCWPCAGLG-BDUYNUQCSA-N","808.73900000000003","3.9","ESI pos"
"4.24_906.84","TG 16:0_18:1_20:0 ","[M+NH4]+","YWKYRFUPKVVPAH-UHFFFAOYSA-N","906.83900000000006","4.2380000000000004","ESI pos"
"2.58_600.52","TG 22:0 ","[M+NH4]+","OYJUWYHFGMRWBN-UHFFFAOYSA-N","600.51869999999997","2.5819999999999999","ESI pos"
"2.10_544.46","TG 28:0 ","[M+NH4]+","KHOXIGZKRZJQTF-UHFFFAOYSA-N","544.45740000000001","2.1030000000000002","ESI pos"
"2.82_628.55","TG 34:0 ","[M+NH4]+","RJHHICMBDSUIHF-UHFFFAOYSA-N","628.55179999999996","2.8239999999999998","ESI pos"
"3.04_656.58","TG 36:0 ","[M+NH4]+","VMPHSYLJUKZBJJ-UHFFFAOYSA-N","656.58159999999998","3.0390000000000001","ESI pos"
"3.25_684.61","TG 38:0 ","[M+NH4]+","SMUUMIRCIBXLGI-UHFFFAOYSA-N","684.61300000000006","3.2530000000000001","ESI pos"
"3.46_712.64","TG 40:0 ","[M+NH4]+","XTHFMIVZMLNNFC-RRHRGVEJSA-N","712.64430000000004","3.4590000000000001","ESI pos"
"3.30_710.63","TG 40:1 ","[M+NH4]+","GKTDXHXZBFIZJU-OIJJMQLXSA-N","710.6277","3.302","ESI pos"
"3.65_745.64_3.64_740.68","TG 42:0 ","[M+Na]+_[M+NH4]+","DUXYWXYOBMKGIN-UHFFFAOYSA-N","745.6393_740.6751","3.6444999999999999","ESI pos"
"3.47_738.66","TG 42:1 ","[M+NH4]+","PMWOTNASJLOLJE-BNQAGZCGSA-N","738.66049999999996","3.4729999999999999","ESI pos"
"3.28_736.65","TG 42:2 ","[M+NH4]+","IDWYMMYRNPSLDA-NNBKTNTFSA-N","736.64700000000005","3.2770000000000001","ESI pos"
"3.71_754.69","TG 43:0 ","[M+NH4]+","BIVVSKATUZHURG-UHFFFAOYSA-N","754.69159999999999","3.706","ESI pos"
"3.85_768.71","TG 44:0 ","[M+NH4]+","UXWDTZNNQVHGSG-UHFFFAOYSA-N","768.70529999999997","3.8479999999999999","ESI pos"
"3.65_771.65_3.65_766.69","TG 44:1 ","[M+Na]+_[M+NH4]+","OUKDNADVOQVFAR-NBTXLFQMSA-N","771.6461_766.6907","3.6524999999999999","ESI pos"
"3.51_764.68","TG 44:2 ","[M+NH4]+","LJXSUVSRRMQRRA-WHTYERKGSA-N","764.67639999999994","3.51","ESI pos"
"3.88_782.72","TG 45:0 ","[M+NH4]+","RIBSYLFDZQICKH-UHFFFAOYSA-N","782.72140000000002","3.8839999999999999","ESI pos"
"3.74_780.71","TG 45:1 ","[M+NH4]+","HUPAFPZFSCXOMQ-VZCXRCSSSA-N","780.70809999999994","3.738","ESI pos"
"3.96_796.74","TG 46:0 ","[M+NH4]+","JWVXCFSNEOMSHH-UHFFFAOYSA-N","796.73879999999997","3.9649999999999999","ESI pos"
"3.82_794.72","TG 46:1 ","[M+NH4]+","RSDIQTNCDWUNDP-VHXPQNKSSA-N","794.72370000000001","3.819","ESI pos"
"3.71_792.71","TG 46:2 ","[M+NH4]+","XUEMVUXNOCIHLG-MOFPORNTSA-N","792.70640000000003","3.7050000000000001","ESI pos"
"4.04_810.75","TG 47:0|TG 14:0_16:0_17:0","[M+NH4]+","LVVDEVHUTIMHAK-UHFFFAOYSA-N","810.75429999999994","4.0350000000000001","ESI pos"
"3.76_806.72","TG 47:2 ","[M+NH4]+","IQJXUVXBOJLBGI-ZJMBEJSASA-N","806.72239999999999","3.76","ESI pos"
"3.62_804.71","TG 47:3 Isomer B ","[M+NH4]+","RSOCCAXBUJEZFM-AAPVPQQHSA-N","804.70640000000003","3.6230000000000002","ESI pos"
"4.11_829.72_4.11_824.77","TG 48:0 ","[M+Na]+_[M+NH4]+","PVNIQBQSYATKKL-UHFFFAOYSA-N","829.7236_824.7696","4.1114999999999995","ESI pos"
"3.97_827.71_3.97_822.75","TG 48:1 ","[M+Na]+_[M+NH4]+","FEKLSEFRUGWUOS-DLOIZKPKSA-N","827.7099_822.7543","3.9699999999999998","ESI pos"
"3.83_825.69_3.84_820.74","TG 48:2 ","[M+Na]+_[M+NH4]+","RUOVJPPUXXFZPC-YZEIBMOJSA-N","825.6928_820.7393","3.8334999999999999","ESI pos"
"3.67_818.72","TG 48:3 ","[M+NH4]+","SKGWNZXOCSYJQL-BUTYCLJRSA-N","818.72400000000005","3.6739999999999999","ESI pos"
"4.17_838.79","TG 49:0 ","[M+NH4]+","TTWJTJMWHOYBPQ-ANFMRNGASA-N","838.78639999999996","4.1689999999999996","ESI pos"
"4.04_836.77","TG 49:1 ","[M+NH4]+","VYYGQDOPVVYUKW-UKFBYESTSA-N","836.76990000000001","4.0430000000000001","ESI pos"
"3.90_839.71_3.91_834.75","TG 49:2 ","[M+Na]+_[M+NH4]+","QZYSUBAQYSVFNX-PSMULLBHSA-N","839.7112_834.7547","3.9045000000000001","ESI pos"
"3.78_832.74","TG 49:3 ","[M+NH4]+","DIGMYZZFQSIQBD-PNLKURBTSA-N","832.73850000000004","3.7770000000000001","ESI pos"
"4.25_857.76_4.25_852.80","TG 50:0 ","[M+Na]+_[M+NH4]+","MARPCPMDFOPPJX-UHFFFAOYSA-N","857.7555_852.803","4.2454999999999998","ESI pos"
"4.11_871.71_4.11_855.74_4.11_850.79","TG 50:1 ","[M+K]+_[M+Na]+_[M+NH4]+","YHMDGPZOSGBQRH-YYSBDVFPSA-N","871.715_855.74_850.7869","4.1103333333333332","ESI pos"
"3.98_869.70_3.98_853.73_3.97_848.77","TG 50:2 ","[M+K]+_[M+Na]+_[M+NH4]+","QEZWFCZNHWUARW-XQCAQTCHSA-N","869.7007_853.7268_848.7725","3.9769999999999999","ESI pos"
"3.83_851.71_3.83_846.75","TG 50:3 Isomer A ","[M+Na]+_[M+NH4]+","UFHNZOACKFBCOM-YXKNDSBASA-N","851.7085_846.7548","3.8330000000000002","ESI pos"
"3.69_844.74","TG 50:4 ","[M+NH4]+","PVMBAGXWHHZKFP-JMPJWMFJSA-N","844.73760000000004","3.6859999999999999","ESI pos"
"4.31_866.82","TG 51:0 ","[M+NH4]+","YVLSJEQNDDKMQI-UHFFFAOYSA-N","866.81790000000001","4.3129999999999997","ESI pos"
"4.17_864.80","TG 51:1 Isomer B ","[M+NH4]+","OZAXLAGNPZMZAD-BOEMPQCLSA-N","864.80070000000001","4.1719999999999997","ESI pos"
"4.04_862.79","TG 51:2 Isomer A ","[M+NH4]+","NSNSZGBCOIKUBU-SZOKBDNISA-N","862.78579999999999","4.0439999999999996","ESI pos"
"3.91_860.77","TG 51:3 ","[M+NH4]+","ISSGPXMQOMAFMJ-DMGKHJLRSA-N","860.77030000000002","3.9119999999999999","ESI pos"
"3.77_858.75","TG 51:4 ","[M+NH4]+","IIRQXNVLAXQEKB-KBEZCZBDSA-N","858.75379999999996","3.7730000000000001","ESI pos"
"4.37_885.79_4.37_880.83","TG 52:0 ","[M+Na]+_[M+NH4]+","SDNYRTVJOFMYIW-OIVUAWODSA-N","885.7864_880.8322","4.3725000000000005","ESI pos"
"4.25_899.74_4.24_883.77_4.24_878.82","TG 52:1 ","[M+K]+_[M+Na]+_[M+NH4]+","NPCZZYKITFKRQZ-RFBIWTDZSA-N","899.7441_883.7727_878.8188","4.2429999999999994","ESI pos"
"4.11_897.73_4.11_881.76_4.11_876.80","TG 52:2 ","[M+K]+_[M+Na]+_[M+NH4]+","TXMWKTABZBAJCW-QLHBUVOUSA-N","897.7297_881.7561_876.8039","4.1066666666666665","ESI pos"
"3.98_895.72_3.98_879.74_3.98_874.79","TG 52:3 ","[M+K]+_[M+Na]+_[M+NH4]+","DQXQIWIQYYEGLG-MMWLGPPDSA-N","895.7158_879.7416_874.789","3.9809999999999999","ESI pos"
"3.85_893.70_3.85_877.73_3.85_872.77","TG 52:4 ","[M+K]+_[M+Na]+_[M+NH4]+","WHSWXEYWNPTUPW-HNJDVRDNSA-N","893.6986_877.7267_872.7723","3.847","ESI pos"
"3.20_904.76","TG 52:4;O2|TG 16:0_18:1_18:3;O2","[M+NH4]+","GYTIAZWYWATMNI-UHFFFAOYSA-N","904.76070000000004","3.1970000000000001","ESI pos"
"3.71_875.71_3.71_870.75","TG 52:5 ","[M+Na]+_[M+NH4]+","CQZAAIKPSLHIBC-KDJOUNIJSA-N","875.71_870.754","3.7115","ESI pos"
"4.17_890.82","TG 53:2 ","[M+NH4]+","RSINITWKVQRWSZ-RFVLVDBCSA-N","890.81759999999997","4.1710000000000003","ESI pos"
"4.05_888.80","TG 53:3 ","[M+NH4]+","ZNQBEJJYVJSZLM-LEDQTTRKSA-N","888.80240000000003","4.048","ESI pos"
"3.92_886.79","TG 53:4 ","[M+NH4]+","BMSDHYZLQWTKSQ-LSJAAEOESA-N","886.78679999999997","3.9159999999999999","ESI pos"
"4.44_908.86","TG 54:0 ","[M+NH4]+","KKBWDSMULWDHME-UHFFFAOYSA-N","908.86479999999995","4.4409999999999998","ESI pos"
"4.37_911.80_4.37_906.85","TG 54:1 ","[M+Na]+_[M+NH4]+","YFFIQXNTTVSKJC-NZEOUKRFSA-N","911.8033_906.8485","4.3689999999999998","ESI pos"
"4.24_925.76_4.24_909.79_4.24_904.83","TG 54:2 ","[M+K]+_[M+Na]+_[M+NH4]+","WUUWGORPQFKFQN-XDVOZUNOSA-N","925.7607_909.7881_904.8334","4.2393333333333336","ESI pos"
"4.11_923.74_4.11_907.77_4.11_902.82","TG 54:3 ","[M+K]+_[M+Na]+_[M+NH4]+","PHYFQTYBJUILEZ-IUPFWZBJSA-N","923.7445_907.7733_902.8198","4.1083333333333334","ESI pos"
"3.99_921.73_3.98_905.76_3.98_900.80","TG 54:4 ","[M+K]+_[M+Na]+_[M+NH4]+","BRLGHZXETDWABO-NOFIOOQLSA-N","921.7283_905.7576_900.804","3.9843333333333333","ESI pos"
"3.85_903.74_3.85_898.79","TG 54:5 Isomer A ","[M+Na]+_[M+NH4]+","OEJXMJPFOHYSIU-GRLFFVHSSA-N","903.7424_898.7876","3.8520000000000003","ESI pos"
"3.71_901.73_3.71_896.77","TG 54:6 Isomer A ","[M+Na]+_[M+NH4]+","HBOQXIRUPVQLKX-BBWANDEASA-N","901.7255_896.7711","3.7095000000000002","ESI pos"
"3.79_896.77","TG 54:6 Isomer B ","[M+NH4]+","HBOQXIRUPVQLKX-BBWANDEASA-N","896.77030000000002","3.7919999999999998","ESI pos"
"3.57_894.76","TG 54:7 Isomer A ","[M+NH4]+",NA,"894.7559","3.5680000000000001","ESI pos"
"4.18_916.83","TG 55:3 ","[M+NH4]+",NA,"916.83199999999999","4.1829999999999998","ESI pos"
"4.05_914.82","TG 55:4 ","[M+NH4]+","JNBIJLFMSZHQLU-IGGPMUHHSA-N","914.81730000000005","4.05","ESI pos"
"4.44_934.88","TG 56:1 ","[M+NH4]+","OCYFAHIHWCVZKS-FHSLLVMSSA-N","934.87869999999998","4.4409999999999998","ESI pos"
"4.37_932.86","TG 56:2 Isomer B ","[M+NH4]+","PDEQUPGHMOMBFC-FYEHETCMSA-N","932.86270000000002","4.3659999999999997","ESI pos"
"4.23_930.85","TG 56:3 ","[M+NH4]+","QXMHHXQBBKDSSL-BAQZNRHJSA-N","930.84860000000003","4.234","ESI pos"
"4.11_928.83","TG 56:4 ","[M+NH4]+","YONCDTJKIZDSKQ-IYASBODOSA-N","928.83119999999997","4.1120000000000001","ESI pos"
"3.92_924.80","TG 56:6 ","[M+NH4]+","ZTNDRFCABXFVMY-WJTCTALZSA-N","924.80150000000003","3.9159999999999999","ESI pos"
"3.77_922.78","TG 56:7 Isomer A ","[M+NH4]+","DODZUDCYRVWEOJ-GKZBLMSTSA-N","922.78380000000004","3.7749999999999999","ESI pos"
"3.86_922.79","TG 56:7 Isomer B ","[M+NH4]+","DODZUDCYRVWEOJ-GKZBLMSTSA-N","922.78689999999995","3.8620000000000001","ESI pos"
"3.72_920.77","TG 56:8 Isomer A ","[M+NH4]+","UBGUHMDKBGQUND-VPFWBQFRSA-N","920.77099999999996","3.72","ESI pos"
"4.44_960.90","TG 58:2 ","[M+NH4]+","NFQQJRGJJVQGAV-MEADVOAOSA-N","960.8954","4.4409999999999998","ESI pos"
"4.37_958.88","TG 58:3 ","[M+NH4]+","RFMSTHTUAZETPD-JJPHLYBUSA-N","958.87819999999999","4.3689999999999998","ESI pos"
"4.25_956.86","TG 58:4 ","[M+NH4]+","CCKRHDUCFMOBKX-AAINFQTBSA-N","956.86350000000004","4.2450000000000001","ESI pos"
"3.87_948.80","TG 58:8 ","[M+NH4]+","KWIGMCRWEINBIR-HUPVKWKYSA-N","948.80050000000006","3.867","ESI pos"
"3.73_946.78","TG 58:9 ","[M+NH4]+","RVXFSLZMZOFGEQ-SWIIBWKZSA-N","946.78309999999999","3.726","ESI pos"
"4.50_990.94","TG 60:1 ","[M+NH4]+",NA,"990.94029999999998","4.5","ESI pos"
"4.48_988.93","TG 60:2 ","[M+NH4]+","QPNVLDQSHXVPMG-JMYPUKFOSA-N","988.92660000000001","4.4790000000000001","ESI pos"
"4.44_986.91","TG 60:3 ","[M+NH4]+","IJOXAPFYWITIHW-KUBXGBLDSA-N","986.90930000000003","4.4429999999999996","ESI pos"
"4.44_1044.99","TG 64:2 ","[M+NH4]+",NA,"1044.9878000000001","4.4429999999999996","ESI pos"
"4.50_1042.97","TG 64:3 ","[M+NH4]+",NA,"1042.9707000000001","4.5039999999999996","ESI pos"
"0.23_329.23","trihydroxyoctadec-15-enoic acid ","[M-H]-","DNWUYCUUEGGVPR-CLTKARDFSA-N","329.23340000000002","0.23","ESI neg"
